tree
version=v4
num_class=1
num_tree_per_iteration=1
label_index=0
max_feature_idx=8
objective=binary sigmoid:1
feature_names=Column_0 Column_1 Column_2 Column_3 Column_4 Column_5 Column_6 Column_7 Column_8
feature_infos=[0:1] [0.15000000596046448:0.75] [0:0.69999998807907104] [0:0.83333331346511841] [0:1] none [0.20000000298023224:1] [0:1] none
tree_sizes=3390 3461 3443 3446 3459 3455 3449 3443 3466 3456 3459 3477 3473 3468 3432 3495 3453 3413 3490 3467 3463 3459 3438 3452 3449 3489 3447 3466 3483 3481 3460 3436 3464 3435 3447 3452

Tree=0
num_leaves=31
num_cat=0
split_feature=0 6 6 4 0 6 4 6 6 4 4 6 4 4 4 6 4 4 6 6 4 4 6 4 4 4 4 6 0 6
split_gain=1513.98 119.274 54.8503 43.2265 31.519 22.9251 14.0641 13.0656 9.2127 8.92741 6.70088 6.52584 6.35211 5.96704 5.95267 5.15925 9.473 4.43136 4.40465 4.3952 4.32147 5.90409 4.13795 3.96785 4.51199 3.90964 3.71764 3.78817 8.39178 4.25005
threshold=1.0000000180025095e-35 0.44102959334850317 0.44102959334850317 0.89736840128898632 0.73775246739387523 0.74486902356147777 0.54732316732406627 0.76782143115997326 0.95867609977722179 0.69615384936332714 0.89181286096572887 0.68852961063385021 0.70073306560516369 0.97368422150611889 0.054093567654490478 0.68852961063385021 0.57518798112869274 0.221071831882 0.83339485526084911 0.82507720589637767 0.81534090638160717 0.74342104792594921 0.7205772101879121 0.88562092185020458 0.82843136787414562 0.5419580638408662 0.92582416534423839 0.87731194496154796 0.73775246739387523 0.88441807031631481
decision_type=2 2 2 2 2 2 2 2 2 2 2 2 2 2 2 2 2 2 2 2 2 2 2 2 2 2 2 2 2 2
left_child=1 17 4 7 -2 9 14 15 10 -3 -9 -11 -10 26 -7 -4 -17 -1 -8 25 21 -6 -18 24 -22 -16 -5 28 -28 -29
right_child=2 5 3 13 20 6 18 8 12 11 -12 -13 -14 -15 19 16 22 -19 -20 -21 23 -23 -24 -25 -26 -27 27 29 -30 -31
leaf_value=-0.9499930309165675 -0.90994196964242158 -0.9261064891370816 -0.88578215118866066 -0.8669041987691376 -0.87501036522706133 -0.9451651659607625 -0.91335315476801915 -0.87734030549150821 -0.87699763304035083 -0.90211984762184549 -0.89262504103101281 -0.9450591978701437 -0.85449696258304508 -0.86288123877105283 -0.91802182891350215 -0.85824610115563149 -0.94068892765014345 -0.93982799261618466 -0.90672404753275537 -0.91455676052414603 -0.85961151632887012 -0.9743063908809152 -0.9036256744382174 -0.86664075317945055 -0.77120088386166863 -0.93348518552926374 -0.87586307021490906 -0.79705067566411825 -0.91594931562468107 -0.86722984743143794
leaf_weight=168.63156741857529 174.78600418567657 788.38334986567497 263.20474573969841 307.72183835506439 5.5389930903911582 18.873606085777283 579.13249978423119 1296.3295310437679 54.979635119438171 64.416438162326813 75.90472012758255 10.257394611835478 73.032649636268616 589.18474650382996 2213.7509051263332 8.6162114739418012 11.898577749729155 294.38722535967827 441.68341198563576 1194.9864722788334 3.4875141680240622 2.0514789223670959 20.514789223670959 42.260465800762177 2.4617747068405151 41.645022124052048 125.96080583333969 2.2566268146038047 14.565500348806379 49.030346244573593
leaf_count=822 852 3843 1283 1500 27 92 2823 6319 268 314 370 50 356 2872 10791 42 58 1435 2153 5825 17 10 100 206 12 203 614 11 71 239
internal_value=-0.904105 -0.919184 -0.876028 -0.874158 -0.899497 -0.917078 -0.915644 -0.878905 -0.876989 -0.924541 -0.878186 -0.908018 -0.864161 -0.86629 -0.917162 -0.888353 -0.904844 -0.94353 -0.910485 -0.917008 -0.86678 -0.901847 -0.917231 -0.861259 -0.823028 -0.918307 -0.87031 -0.875773 -0.880018 -0.864142
internal_weight=8939.93 5816.15 3123.79 2893.2 230.586 5353.13 4490.07 1804.48 1500.25 863.057 1372.23 74.6738 128.012 1088.72 3469.26 304.234 41.0296 463.019 1020.82 3450.38 55.8002 7.59047 32.4134 48.2098 5.94929 2255.4 499.535 191.813 140.526 51.287
internal_count=43578 28351 15227 14103 1124 26094 21887 8796 7313 4207 6689 364 624 5307 16911 1483 200 2257 4976 16819 272 37 158 235 29 10994 2435 935 685 250
is_linear=0
shrinkage=1


Tree=1
num_leaves=31
num_cat=0
split_feature=0 4 4 4 4 4 4 4 4 4 4 4 4 4 4 4 4 4 3 4 4 4 3 3 4 4 3 4 4 4
split_gain=1401.56 38.427 23.0839 7.72227 6.398 5.50667 3.22767 10.2469 3.07635 2.91696 3.62261 2.62144 3.42325 2.54186 3.18477 4.78912 2.80931 2.0797 2.587 2.6799 2.16199 3.393 4.31219 1.98061 1.94067 3.61427 1.90191 1.8228 2.77239 2.18325
threshold=1.0000000180025095e-35 0.89736840128898632 0.26908735930919653 0.054093567654490478 0.97368422150611889 0.54732316732406627 0.24073550850152972 0.2239465340971947 0.28457370400428778 0.88562092185020458 0.7947368621826173 0.69615384936332714 0.63397127389907848 0.62019231915473949 0.73030304908752453 0.71008405089378368 0.75735294818878185 0.087121214717626586 0.70833334326744091 0.069047622382640853 0.16002695262432101 0.13372658193111422 1.0000000180025095e-35 0.77500000596046459 0.92582416534423839 0.93095237016677868 0.81666666269302379 0.4301933646202088 0.53800037503242504 0.43558360636234289
decision_type=2 2 2 2 2 2 2 2 2 2 2 2 2 2 2 2 2 2 2 2 2 2 2 2 2 2 2 2 2 2
left_child=2 13 3 -1 24 8 7 17 -4 10 11 12 -7 -2 15 -15 -16 18 19 -5 21 22 -19 -23 -3 -26 -25 -10 29 -29
right_child=1 4 5 6 -6 9 -8 -9 27 -11 -12 -13 -14 14 16 -17 -18 20 -20 -21 -22 23 -24 26 25 -27 -28 28 -30 -31
leaf_value=-0.041931647408801204 0.018920642866980624 0.032097435915437948 -0.0084963758414811855 -0.02380551634816707 0.037102651620460773 -0.0089443274601748515 -0.025133781213672737 -0.0020743701340926292 -0.015658062157689188 -0.0013478823809018551 -0.019019814622972715 -0.0059336953248499899 -0.016184124482141956 0.025097579920665691 0.01665822379737154 0.04168304875859969 0.023133991121142613 -0.02305425281965158 0.010549222812964339 0.0010607331092250913 -0.018147180721183414 -0.027923509897340815 -0.0091481485775566466 -0.00072840786055178124 0.013186250041260584 0.029406993752320188 -0.037880861478143256 -0.00079321059264674627 -0.019185808188404763 -0.01261331339720005
leaf_weight=38.250109314918518 402.12102861702442 351.737703114748 246.41346387565136 32.561664074659348 662.96061724424362 499.93053013086319 198.78026616573334 90.651619911193848 1318.6572764515877 92.391980111598969 114.62247988581657 326.62488383054733 242.46752370893955 425.75796003639698 208.2434069365263 48.481380224227905 855.5319791585207 165.69557867944241 11.809539794921873 16.23891119658947 695.10027831792831 226.48692685365677 84.013854801654816 13.0195629298687 43.498876795172691 163.12591682374477 4.6840413957834235 40.43817937374115 161.8820778876543 1151.4385131597519
leaf_count=190 1941 1690 1208 160 3180 2447 976 445 6473 452 561 1598 1188 2055 1005 234 4130 815 58 80 3416 1113 413 64 210 786 23 198 796 5645
internal_value=7.35873e-05 0.0268337 -0.0145832 -0.0197397 0.0337815 -0.0126443 -0.0191882 -0.0183063 -0.0138421 -0.00990441 -0.0105723 -0.00966655 -0.0113088 0.0224601 0.0233855 0.0267931 0.0218663 -0.0194839 -0.0104494 -0.015531 -0.0199444 -0.0224738 -0.0183756 -0.0266645 0.0298382 0.0259922 -0.0105582 -0.014335 -0.0130462 -0.0122123
internal_weight=8933.62 3161.46 5772.16 1577.29 1221.32 4194.87 1539.04 1340.26 2918.83 1276.04 1183.65 1069.02 742.398 1940.14 1538.01 474.239 1063.78 1249.61 60.6101 48.8006 1189 493.9 249.709 244.191 558.362 206.625 17.7036 2672.42 1353.76 1191.88
internal_count=43550 15231 28319 7753 5866 20566 7563 6587 14320 6246 5794 5233 3635 9365 7424 2289 5135 6142 298 240 5844 2428 1228 1200 2686 996 87 13112 6639 5843
is_linear=0
shrinkage=0.05


Tree=2
num_leaves=31
num_cat=0
split_feature=0 6 6 4 6 0 6 6 4 3 4 4 4 4 4 4 4 6 6 4 4 4 4 4 6 6 6 4 4 6
split_gain=1288.41 108.294 47.7663 37.3689 25.3615 18.1756 11.4767 10.9676 9.11591 6.90322 5.439 4.88538 4.53188 4.52774 6.63658 5.70368 4.40665 4.12555 3.45603 3.2102 3.07805 2.93908 2.91306 2.91417 2.85564 2.84022 2.68378 2.66366 2.64209 3.3481
threshold=1.0000000180025095e-35 0.44102959334850317 0.44102959334850317 0.93541666865348827 0.76782143115997326 0.73775246739387523 0.76782143115997326 0.82507720589637767 0.69615384936332714 1.0000000180025095e-35 0.054093567654490478 0.221071831882 0.90454545617103588 0.80625000596046459 0.81534090638160717 0.78174602985382091 0.69615384936332714 0.68852961063385021 0.68852961063385021 0.92582416534423839 0.24768495559692386 0.92582416534423839 0.81534090638160717 0.88562092185020458 0.96164822578430187 0.87413260340690624 0.55102959275245678 0.62019231915473949 0.57518798112869274 0.82735103368759166
decision_type=2 2 2 2 2 2 2 2 2 2 2 2 2 2 2 2 2 2 2 2 2 2 2 2 2 2 2 2 2 2
left_child=1 11 5 6 8 -2 13 10 -3 -9 -6 -1 28 15 -15 -4 20 26 -17 -16 -11 25 27 -24 -5 -14 -10 -7 -8 -30
right_child=2 4 3 24 7 22 12 9 17 16 -12 -13 21 14 19 18 -18 -19 -20 -21 -22 -23 23 -25 -26 -27 -28 -29 29 -31
leaf_value=-0.044529628671563876 -0.0045430378163919373 -0.021402164554615452 0.014533542886505553 0.037475486204056087 -0.04022785100929531 0.072121741830186367 0.019280068109337176 -0.0050524367782262174 -0.041327800296996176 -0.036935728200695843 -0.012345187730190214 -0.03372215738014199 0.037880085015017752 0.11542508105989567 0.022846746587761056 -0.0029308277681841938 -0.00034772242422937078 -0.030830530294349387 -0.055961448872782593 -0.0012368884409065172 -0.012946383712757793 0.022321010036903951 0.064320334720579547 0.027715107563137487 0.020602113392514179 0.01714571491875266 0.0038154521106991742 -0.014130274949414415 0.023523183823380006 0.028564444910682548
leaf_weight=164.06206919252872 173.17374122142792 814.10751651227474 182.85048674046993 715.42786720395088 17.602536544203758 1.0462969541549672 198.40308380126953 1089.7827350944281 3.4762899726629248 13.764894187450407 2736.6231562793255 288.343386054039 149.20878125727177 1.8768161684274662 174.638955488801 25.670618847012523 71.723787263035774 11.674044191837309 3.4899872392415991 15.027170598506926 467.82046519219875 55.605940997600555 6.2090865820646277 43.731539160013199 25.985669612884521 18.571955800056458 62.209410041570663 6.1950971186161041 863.30153624713421 532.50192111730576
leaf_count=824 837 4034 877 3382 89 5 949 5359 17 68 13504 1436 707 9 833 123 351 58 17 72 2302 266 29 207 123 88 304 30 4122 2540
internal_value=-2.05526e-06 -0.0141621 0.0254592 0.0271645 -0.0121537 0.00352751 0.0239201 -0.0105947 -0.0198436 -0.00736173 -0.0125234 -0.0376414 0.0256136 0.0162925 0.0218644 0.0112585 -0.0119101 -0.00344142 -0.00927762 0.0209386 -0.0136321 0.0322833 0.0279689 0.0322662 0.0368841 0.035585 0.00142633 -0.00166786 0.024679 0.0254464
internal_weight=8934.11 5741.19 3192.92 2962.56 5288.78 230.356 2221.15 4397.32 891.467 1643.09 2754.23 452.405 1817.59 403.554 191.543 212.011 553.309 77.3597 29.1606 189.666 481.585 223.387 57.182 49.9406 741.414 167.781 65.6857 7.24139 1594.21 1395.8
internal_count=43562 28346 15216 14108 26086 1108 10603 21673 4413 8080 13593 2260 8672 1931 914 1017 2721 379 140 905 2370 1061 271 236 3505 795 321 35 7611 6662
is_linear=0
shrinkage=0.05


Tree=3
num_leaves=31
num_cat=0
split_feature=0 6 6 4 0 6 6 6 4 4 6 4 4 6 4 3 6 4 6 4 4 6 4 6 4 3 4 6 1 4
split_gain=1124.66 100.019 48.339 25.6371 16.7561 15.6575 8.89723 8.04166 7.65748 6.87259 6.62087 10.0205 5.75458 5.73638 5.58379 5.28206 6.49971 4.25083 4.59909 6.82139 4.05906 3.98459 6.43963 3.82399 4.28 3.71181 3.56201 4.35302 8.23442 4.59262
threshold=1.0000000180025095e-35 0.57852959632873546 0.44102959334850317 0.97368422150611889 0.73775246739387523 0.82507720589637767 0.30352959036827093 0.76782143115997326 0.80625000596046459 0.73508772253990184 0.74486902356147777 0.69615384936332714 0.46410256624221807 0.68852961063385021 0.63397127389907848 1.0000000180025095e-35 0.9809386432170869 0.054093567654490478 0.78982144594192516 0.88562092185020458 0.72474747896194469 0.67430341243743908 0.78174602985382091 0.6302853822708131 0.7947368621826173 0.81666666269302379 0.59411767125129711 0.82735103368759166 0.67500001192092907 0.92582416534423839
decision_type=2 2 2 2 2 2 2 2 2 2 2 2 2 2 2 2 2 2 2 2 2 2 2 2 2 2 2 2 2 2
left_child=1 6 4 7 -2 10 12 8 9 -4 11 -3 -1 23 -8 -7 -17 -12 19 -19 -16 -11 -23 -13 -25 -10 -9 -28 29 -29
right_child=2 5 3 -5 -6 15 14 26 25 21 17 13 -14 -15 20 16 -18 18 -20 -21 -22 22 -24 24 -26 -27 27 28 -30 -31
leaf_value=-0.040362494679835409 -0.0059309282945756332 -0.019514956020517046 0.016555889353878021 0.034371783491633376 0.024925762819774107 -0.0049389158021525201 -0.027044998847927684 0.019289061388105641 0.021787065195379922 -0.019839745025282695 -0.03641649906950932 0.044112369635219459 -0.027328611978776174 -0.035007115324722241 0.01772852417538542 -0.012487842468660625 0.0080205803570364467 -0.010415157018748143 -0.014179067987250431 0.01549825331367791 -0.02059247400113786 0.018436630439830595 -0.018514085338697521 0.017099436385457478 -0.014190429558075285 0.048323663351344796 0.023275904584657281 0.040316784666858806 0.024669480420544385 0.017163295149429294
leaf_weight=282.44648316502571 176.36421778798103 575.06828565895557 142.69436964392662 620.00516040623188 58.619604095816612 1095.7249002456665 207.53052601218224 299.64371149241924 191.20487761497498 22.381608083844185 17.470485270023346 6.5601768195629111 120.94835858047009 8.9098071008920652 12.644581392407419 510.48128844797611 41.797243446111679 1633.7003893703222 1102.028212428093 25.796929836273193 15.23743514716625 33.46236988902092 18.206550493836403 24.615892767906189 19.655500888824463 14.152983352541922 1055.3204500377178 163.37755963206291 415.21386721730232 24.648664131760597
leaf_count=1439 854 2877 680 2886 275 5400 1041 1421 904 107 90 32 611 45 63 2524 206 8108 5467 127 75 160 88 120 96 67 4982 770 1956 116
internal_value=5.93908e-05 -0.0133037 0.0236053 0.0253157 0.00176665 -0.0109509 -0.0319468 0.0229569 0.0166973 0.0101421 -0.0128831 -0.0174902 -0.0364546 0.00199989 -0.0242225 -0.00694857 -0.0109357 -0.0118307 -0.0116751 -0.0100123 -0.00321378 -0.00221727 0.00541633 0.00848651 0.00320744 0.0236159 0.0243061 0.0252126 0.0286006 0.0372816
internal_weight=8935.91 5700.62 3235.3 3000.31 234.984 5061.81 638.807 2380.31 422.103 216.745 3413.81 634.81 403.395 59.7414 235.413 1648 552.279 2779 2761.53 1659.5 27.882 74.0505 51.6689 50.8316 44.2714 205.358 1958.2 1658.56 603.24 188.026
internal_count=43587 28321 15266 14137 1129 25092 3229 11251 2006 1035 16962 3170 2050 293 1179 8130 2730 13792 13702 8235 138 355 248 248 216 971 9245 7824 2842 886
is_linear=0
shrinkage=0.05


Tree=4
num_leaves=31
num_cat=0
split_feature=7 6 6 4 2 6 6 6 6 4 6 4 6 3 6 6 4 4 3 4 6 4 4 3 4 6 4 4 4 6
split_gain=1002.31 88.3246 37.3516 20.5115 17.4229 15.5474 9.94054 8.27235 8.00465 9.51949 6.11153 4.79704 5.32763 4.34805 6.2605 4.07447 4.0657 4.01012 3.86414 3.85629 3.4818 3.26371 5.65319 5.60196 4.52658 4.31163 3.83972 3.12569 3.11095 2.87345
threshold=1.0000000180025095e-35 0.57852959632873546 0.44102959334850317 0.90454545617103588 1.0000000180025095e-35 0.76782143115997326 0.76782143115997326 0.82507720589637767 0.68852961063385021 0.57518798112869274 0.30352959036827093 0.69615384936332714 0.68852961063385021 1.0000000180025095e-35 0.9809386432170869 0.7205772101879121 0.65686276555061351 0.22822003811597827 0.70833334326744091 0.054093567654490478 0.96861496567726146 0.80625000596046459 0.73508772253990184 0.81666666269302379 0.82085561752319347 0.67430341243743908 0.8441295623779298 0.72474747896194469 0.77350428700447094 0.8123472034931184
decision_type=2 2 2 2 2 2 2 2 2 2 2 2 2 2 2 2 2 2 2 2 2 2 2 2 2 2 2 2 2 2
left_child=2 10 4 6 -1 11 8 19 21 -10 17 -3 -13 -9 20 -11 -12 -2 -19 -7 -15 22 -4 24 -23 28 -26 -18 -24 -5
right_child=1 5 3 29 -6 7 -8 13 9 15 16 12 -14 14 -16 -17 27 18 -20 -21 -22 23 25 -25 26 -27 -28 -29 -30 -31
leaf_value=0.026408906613795122 -0.040568231856094331 -0.018929058346189694 0.017839554826936631 0.027405296678069263 -0.0051609928868982177 -0.034861548231783279 0.022195122815297702 -0.0047991676764072653 0.039095580781734515 -0.042568020237229165 -0.026212857799527672 0.0032827116107582155 -0.035680833468160929 -0.010708790226040958 0.0080676455629739696 -0.0062044206140090446 0.015800142510968618 -0.034043773966054909 -0.02013261310430569 -0.010957299652590981 -0.027416799682169302 0.041463717850658784 -0.037975524280065884 0.056496163479645825 -0.0078748597991208126 0.0089263532768739263 0.019009422004016577 -0.019693294917657509 -0.00034094564085977285 0.032983897292019344
leaf_weight=58.378209501504898 149.13491696119308 608.51034344732761 120.49512110650539 711.2096848487854 173.85565303266048 16.977113634347916 1626.4577429443598 1095.7881509065628 8.5295307636260969 12.554922237992285 208.21904268860817 47.511925905942917 10.760054141283034 471.50892493128777 42.966122671961784 19.934517189860344 10.530765473842623 181.05588284134865 68.9213507771492 2718.2533332109451 33.38940492272377 18.057049065828323 10.613192841410639 10.801954269409178 16.357562094926834 41.099922552704811 70.622664839029312 15.092750787734984 11.37774036824703 341.74756176769733
leaf_count=271 779 3070 570 3286 844 89 7617 5412 40 61 1057 231 55 2344 211 95 52 930 354 13556 166 85 51 50 77 196 331 75 55 1578
internal_value=-3.6493e-05 -0.0127127 0.0220979 0.0235839 0.00277495 -0.0105041 0.0205689 -0.00942101 0.0127996 -0.00791471 -0.0303187 -0.0176167 -0.003912 -0.00661755 -0.0102545 -0.0202564 -0.0239001 -0.0340795 -0.0302083 -0.0111057 -0.0118137 0.0156373 0.0114907 0.0222089 0.0186828 -0.000634772 0.0139535 -0.00510618 -0.018504 0.0292159
internal_weight=8930.71 5678.62 3252.09 3019.86 232.234 5045.67 1966.9 4378.88 340.444 41.019 632.955 666.782 58.272 1643.65 547.864 32.4894 233.843 399.112 249.977 2735.23 504.898 299.425 183.586 115.839 105.037 63.0909 86.9802 25.6235 21.9909 1052.96
internal_count=43588 28381 15207 14092 1115 25134 9228 21778 1611 196 3247 3356 286 8133 2721 156 1184 2063 1284 13645 2510 1415 872 543 493 302 408 127 106 4864
is_linear=0
shrinkage=0.05


Tree=5
num_leaves=31
num_cat=0
split_feature=0 4 4 4 4 4 3 4 4 4 4 4 4 4 4 4 4 4 4 4 4 3 3 4 4 4 4 3 0 4
split_gain=883.1 24.2743 13.1644 8.99583 7.14953 4.8032 3.38156 3.12368 4.9205 4.40874 2.19385 6.92944 1.87517 1.93542 3.61639 3.66606 1.87372 2.95734 2.38151 2.1569 1.78374 3.40511 2.26358 1.77158 1.739 1.73893 3.61798 3.91986 2.21995 2.15162
threshold=1.0000000180025095e-35 0.97368422150611889 0.26908735930919653 0.054093567654490478 0.69615384936332714 0.89736840128898632 0.81666666269302379 0.24768495559692386 0.2239465340971947 0.24073550850152972 0.33929727971553808 0.38076727092266088 0.09123005717992784 0.095775511115789427 0.10263158008456232 0.10818713530898096 0.28457370400428778 0.4301933646202088 0.43558360636234289 0.4198546707630158 0.30384616553783422 0.77500000596046459 1.0000000180025095e-35 0.34844343364238745 0.59411767125129711 0.82843136787414562 0.7947368621826173 0.81666666269302379 0.73775246739387523 0.73030304908752453
decision_type=2 2 2 2 2 2 2 2 2 2 2 2 2 2 2 2 2 2 2 2 2 2 2 2 2 2 2 2 2 2
left_child=2 5 3 -1 6 24 16 8 12 -10 -8 23 -5 -14 -15 -16 -4 19 -19 20 21 22 -18 -12 -2 26 29 -28 -27 -26
right_child=1 -3 4 7 -6 -7 10 -9 9 -11 11 -13 13 14 15 -17 17 18 -20 -21 -22 -23 -24 -25 25 28 27 -29 -30 -31
leaf_value=-0.040503167849230338 0.014171176788943222 0.028948461321129333 -0.0066684797077747942 -0.0076317435395199962 -0.0050936504163603541 0.022367092252800789 -0.03361557275512049 -0.022796480643549083 0.00083836878376691056 -0.016763894797416478 -0.018240113225908097 -0.018571166441757336 -0.023446584333614809 0.007669425584331784 -0.039864039426854937 -0.015632770154666055 -0.015969354590728662 0.0021144382184235815 -0.010361124519557858 -0.019731754039247207 -0.011727126220734806 0.027581673798989827 -0.032626510158317121 0.05646853192204733 0.020095633318116004 0.014126173073922646 0.020919978869367119 0.038492229521129878 0.024245797445110757 0.01542441222302776
leaf_weight=36.554278671741486 378.5303447842598 688.95402823388577 229.56297735869884 67.275322884321213 522.6375926733017 586.74918814003468 21.170929029583931 130.11745385825634 90.115024358034134 58.773375570774078 0.99072679877281089 124.002575725317 85.734329149127007 16.388675257563591 15.851362332701681 1022.7220273315907 151.61803178489208 39.043467089533806 1890.7031360119581 115.31115563213825 984.40851822495461 4.1560419499874106 23.565473482012749 3.9864934980869293 524.80319663882256 422.31919479370117 105.27193580567837 45.432963401079178 62.172657296061516 464.88773621618748
leaf_count=196 1774 3144 1146 341 2598 2710 106 660 451 297 5 622 437 83 81 5188 765 193 9458 582 4957 21 119 20 2445 1969 491 212 288 2176
internal_value=-2.28481e-05 0.0206072 -0.0120285 -0.0159985 -0.0105573 0.0183885 -0.011353 -0.0153962 -0.0146865 -0.00611009 -0.0186979 -0.0162493 -0.0157436 -0.016222 -0.0156349 -0.0160026 -0.0110323 -0.0113445 -0.0101087 -0.013209 -0.0125626 -0.0171489 -0.0182101 0.0415976 0.0172233 0.0179343 0.0190004 0.0262175 0.0154248 0.0179014
internal_weight=8913.81 3279.12 5634.69 1523.53 4111.16 2590.17 3588.52 1486.98 1356.86 148.888 150.151 128.98 1207.97 1140.7 1054.96 1038.57 3438.37 3208.81 1929.75 1279.06 1163.75 179.34 175.184 4.97722 2003.42 1624.89 1140.4 150.705 484.492 989.691
internal_count=43535 15209 28326 7734 20592 12065 17994 7538 6878 748 753 647 6130 5789 5352 5269 17241 16095 9651 6444 5862 905 884 25 9355 7581 5324 703 2257 4621
is_linear=0
shrinkage=0.05


Tree=6
num_leaves=31
num_cat=0
split_feature=0 6 6 4 6 0 6 4 4 4 4 3 6 4 4 4 6 4 6 6 6 6 6 6 4 4 4 4 4 4
split_gain=791.292 92.2405 28.6431 18.9907 14.8054 12.5723 8.17018 7.74209 6.05465 5.28634 4.22102 7.71185 3.84717 3.7953 4.38047 3.70007 3.44208 4.36477 3.28479 4.26684 5.24801 3.62685 9.32152 5.43738 4.5112 3.86172 4.08223 4.7355 8.0647 5.39034
threshold=1.0000000180025095e-35 0.55102959275245678 0.44102959334850317 0.97368422150611889 0.76782143115997326 0.73775246739387523 0.76782143115997326 0.54732316732406627 0.054093567654490478 0.69615384936332714 0.55237367749214183 1.0000000180025095e-35 0.68852961063385021 0.80625000596046459 0.73508772253990184 0.2171035781502724 0.81745669245719921 0.17487869411706927 0.94989785552024852 0.94016525149345409 0.92849752306938182 0.86489865183830272 0.82735103368759166 0.89281857013702404 0.48298594355583196 0.91987180709838878 0.76696833968162548 0.52786380052566539 0.58578431606292736 0.71825397014617931
decision_type=2 2 2 2 2 2 2 2 2 2 2 2 2 2 2 2 2 2 2 2 2 2 2 2 2 2 2 2 2 2
left_child=1 15 5 6 9 -2 13 8 -6 -3 11 -9 -11 14 -4 -1 -10 -18 19 20 21 22 -8 -23 -25 26 27 -24 -29 -30
right_child=2 4 3 -5 7 -7 18 10 16 12 -12 -13 -14 -15 -16 -17 17 -19 -20 -21 -22 23 25 24 -26 -27 -28 28 29 -31
leaf_value=-0.038959637680478443 -0.0043819395010547225 -0.016805406845676617 0.013052020560944552 0.028560855885672622 -0.040386059634593408 0.022309704791710867 0.019260199140035895 0.032008598750509744 -0.010438543405784772 0.0020669090387073546 -0.0048728007867228909 -0.020993200518488388 -0.030317671883978371 0.017348895448528717 -0.0019934315817900748 -0.029434822398075784 -0.033394530888731046 -0.0067946647813721967 0.026133664143062466 0.0067439848428300607 0.038016416599658598 0.0071495266362739326 0.072343729977596721 -0.028593929403226512 0.022054463339118209 0.010205745298631559 0.044688308302359106 -0.035823637716960753 0.042915796966937633 0.0097851445239141022
leaf_weight=149.35748057067394 169.51998029649258 737.1999197602272 141.43031789362431 638.71567894518375 15.613292530179022 59.63696825504303 1243.0792774707079 20.192274451255802 2056.9041801989079 62.27284462749958 961.02332875132561 10.396754384040831 10.754530221223829 210.67209418118 73.530402287840843 321.30852372944355 15.614946708083151 1248.4460308551788 209.45889194309711 63.089407205581665 39.42062945663929 135.29276041686535 5.1658476591110221 4.5201167017221442 160.6693267673254 16.636530429124832 63.74356135725975 5.38925777375698 28.320239365100861 21.672217324376106
leaf_count=803 818 3780 661 2877 85 272 5731 100 10382 304 4791 52 56 972 351 1678 79 6241 961 291 181 623 24 21 739 76 292 25 130 100
internal_value=0.000147057 -0.0112716 0.0196149 0.0208914 -0.00933107 0.00256443 0.0188689 -0.00816985 -0.00932268 -0.0155343 -0.0042908 0.0139941 -0.00270227 0.0125796 0.00790551 -0.0324574 -0.00917664 -0.00712325 0.0202098 0.0195154 0.0199828 0.0195608 0.0206418 0.0145816 0.0206686 0.0328288 0.0358569 0.0265594 0.0222887 0.0285533
internal_weight=8899.05 5609.08 3289.96 3060.81 5138.42 229.157 2422.09 4328.19 3336.58 810.227 991.612 30.589 73.0274 425.633 214.961 470.666 3320.97 1264.06 1996.46 1787 1723.91 1684.49 1384.01 300.482 165.189 140.928 124.291 60.5476 55.3817 49.9925
internal_count=43496 28351 15145 14055 25870 1090 11178 21730 16787 4140 4943 152 360 1984 1012 2481 16702 6320 9194 8233 7942 7761 6378 1383 760 647 571 279 255 230
is_linear=0
shrinkage=0.05


Tree=7
num_leaves=31
num_cat=0
split_feature=0 6 6 0 4 6 6 6 4 6 4 4 4 6 4 4 6 6 4 4 4 4 4 4 6 6 4 4 1 6
split_gain=768.638 85.0546 26.6065 18.1284 15.0646 12.1855 7.65617 5.878 8.15515 6.41097 4.64217 4.56267 4.18318 4.18091 4.29362 7.37891 4.05472 3.94858 3.79948 3.41634 3.26352 5.07457 3.18794 3.14374 2.82384 2.58156 2.55135 2.50666 2.47029 4.32311
threshold=1.0000000180025095e-35 0.57852959632873546 0.44102959334850317 0.73775246739387523 0.90454545617103588 0.82507720589637767 0.30352959036827093 0.76782143115997326 0.69615384936332714 0.6302853822708131 1.0000000180025095e-35 0.53800037503242504 0.22822003811597827 0.76782143115997326 0.7947368621826173 0.73508772253990184 0.68852961063385021 0.67430341243743908 0.63397127389907848 0.78174602985382091 0.93933823704719555 0.92582416534423839 0.49848246574401861 0.88562092185020458 0.68852961063385021 0.7205772101879121 0.7947368621826173 0.97368422150611889 0.37500001490116125 0.57852959632873546
decision_type=2 2 2 2 2 2 2 2 2 2 2 2 2 2 2 2 2 2 2 2 2 2 2 2 2 2 2 2 2 2
left_child=1 6 3 -2 13 7 12 8 -3 23 -9 -7 -1 14 15 -4 20 -17 22 -19 21 -6 -8 -10 26 27 -11 -18 -22 -30
right_child=2 5 4 -5 16 11 18 10 9 24 -12 -13 -14 -15 -16 17 25 19 -20 -21 28 -23 -24 -25 -26 -27 -28 -29 29 -31
leaf_value=-0.039985093477255249 -0.0053300826716707285 -0.016829591144976393 0.01471006768367627 0.026406067281133677 0.017287560229402418 -0.0073094992020900518 -0.021162194577782296 -0.037914181879820569 0.028750347595671657 0.012705772701839486 -0.0096123902787868323 -0.0015869745542408291 -0.029187002819035003 0.018907160547358814 0.019785317048790718 -0.025671172936282505 0.095962845038129352 0.010426931451425564 -0.0035016142968142976 -0.019213332033383029 0.037214096265548717 -0.016141118952225444 -0.038935737785323186 0.10788704820359901 -0.025974558039360177 0.026478841697345514 -0.011894851146840676 0.025855962235307353 0.037238518130654187 0.014224437872787593
leaf_weight=141.57983849942684 172.96151587367058 595.22856193780899 142.81714452803135 60.820871606469154 47.514492630958557 1113.4820254743099 165.68839214742184 14.567936673760412 5.0078770816326132 25.209277093410492 2667.6949398219585 506.89188285171986 244.72937773168087 1663.7288191467524 135.19619511067867 17.787212863564491 2.6424159407615653 33.957613170146942 25.937639310956001 13.6210990101099 25.280331492424011 14.916873395442961 29.760795503854752 1.6746195554733274 10.973435431718825 865.51845985651016 18.111423417925835 2.4638659954071045 27.057088077068329 83.006185159087181
leaf_count=777 836 3073 664 275 216 5580 867 81 24 122 13502 2520 1301 7622 623 86 12 160 130 66 113 69 155 8 58 3886 89 11 121 371
internal_value=0.000104258 -0.0112407 0.0191875 0.0029264 0.0204236 -0.00907705 -0.0288959 -0.0108038 -0.0150455 0.00236957 -0.0097661 -0.00551936 -0.0331444 0.0178704 0.0128473 0.00834169 0.0252199 -0.0055725 -0.0214824 0.00194135 0.0187572 0.00930037 -0.0238685 0.0485818 -0.00331821 0.026688 0.0024208 0.0621351 0.0231194 0.019882
internal_weight=8875.83 5566.54 3309.29 233.782 3075.51 4958.84 607.696 3338.47 656.205 60.9766 2682.26 1620.37 386.309 2007.11 343.379 208.183 1068.4 65.3659 221.387 47.5787 197.775 62.4314 195.449 6.6825 54.2941 870.625 43.3207 5.10628 135.344 110.063
internal_count=43418 28287 15131 1111 14020 25057 3230 16957 3374 301 13583 8100 2078 9221 1599 976 4799 312 1152 226 890 285 1022 32 269 3909 211 23 605 492
is_linear=0
shrinkage=0.05


Tree=8
num_leaves=31
num_cat=0
split_feature=7 6 6 4 6 2 6 4 4 4 4 4 6 6 4 6 4 3 2 3 4 6 3 4 3 4 6 4 6 1
split_gain=658.46 67.4174 23.3093 16.6783 10.1922 8.20794 7.19498 6.49013 6.11398 5.18172 5.064 4.48065 4.04684 5.12499 8.5044 3.65804 3.41846 4.17656 3.25469 3.24151 3.17775 3.23525 3.17048 5.5535 3.53981 3.29871 3.03396 3.74277 3.00287 2.94851
threshold=1.0000000180025095e-35 0.55102959275245678 0.44102959334850317 0.89736840128898632 0.7205772101879121 1.0000000180025095e-35 0.95867609977722179 0.69615384936332714 0.26908735930919653 0.24073550850152972 0.70073306560516369 0.51779556274414074 0.76782143115997326 0.68852961063385021 0.57518798112869274 0.7205772101879121 0.15587044507265094 0.70833334326744091 1.0000000180025095e-35 1.0000000180025095e-35 0.54732316732406627 0.88441807031631481 0.81666666269302379 0.16997673362493518 0.77500000596046459 0.18246011435985568 0.6302853822708131 0.7947368621826173 0.30352959036827093 0.37500001490116125
decision_type=2 2 2 2 2 2 2 2 2 2 2 2 2 2 2 2 2 2 2 2 2 2 2 2 2 2 2 2 2 2
left_child=2 28 5 6 7 -1 12 -3 9 16 11 -8 13 -4 -15 -16 17 -6 -12 -18 -10 -22 24 -24 25 -21 -9 -28 -2 -13
right_child=1 4 3 -5 8 -7 10 26 20 -11 18 29 -14 14 15 -17 19 -19 -20 22 21 -23 23 -25 -26 -27 27 -29 -30 -31
leaf_value=0.017831589102254724 -0.030685334308043447 -0.015751295785437901 0.012357936763576549 0.023347918118010409 -0.01706917155946178 -0.0032075588874788869 0.08604823898911515 0.01718983046360743 -0.0078823297665297394 -0.020218739820160904 0.07756609829725275 0.041936723172710223 0.016089492883232026 0.036874971788167468 -0.038959467595801822 -0.0049387479355059629 -0.004888657914947611 -0.0038020574230384838 0.032588228866802842 -0.0026479060115672036 -0.0064958263122840672 -0.0004390847874702282 0.069139687136963793 -0.0064813119963077247 -0.036452298629198063 -0.020784411107889221 0.0051176682705077539 -0.023175599538964708 -0.020034785031157919 0.0087756747907624996
leaf_weight=63.327566489577293 379.38080041110516 671.25297777354717 279.18050064146519 1197.7618868201971 250.30617864429951 172.99018731713295 2.1881936490535727 19.3697639554739 2325.490372672677 140.0091340392828 4.2475969344377509 7.7272541075944892 1457.6897178292274 9.0059414356946927 12.73135097324848 20.827103510499001 381.19148232042789 77.745679378509521 75.761599764227867 41.149995297193527 673.61577568948269 327.75850994884968 2.5473108291625968 51.770556762814522 20.403114303946495 64.16488279402256 29.206221461296082 19.488114953041077 80.165176764130592 50.583904176950455
leaf_count=284 2076 3501 1294 5343 1287 838 10 94 11763 718 19 35 6641 41 62 98 1940 399 341 210 3389 1628 13 264 104 327 143 97 426 230
internal_value=7.66813e-05 -0.0104856 0.0175703 0.0187178 -0.00883145 0.00243043 0.0158294 -0.0142595 -0.00791021 -0.0112779 0.0267219 0.015806 0.0149693 0.00989393 -0.00626751 -0.0178455 -0.00987022 -0.013925 0.0349761 -0.00750011 -0.00686829 -0.0045134 -0.0130294 -0.00293496 -0.0173908 -0.0136979 0.00045225 -0.00620567 -0.0288274 0.0131701
internal_weight=8909.04 5555.02 3354.02 3117.71 5095.47 236.318 1919.94 739.317 4356.15 1029.29 140.509 60.4994 1779.43 321.745 42.5644 33.5585 889.279 328.052 80.0092 561.227 3326.86 1001.37 180.036 54.3179 125.718 105.315 68.0641 48.6943 459.546 58.3112
internal_count=43615 28379 15236 14114 25877 1122 8771 3835 22042 5262 635 275 8136 1495 201 160 4544 1686 360 2858 16780 5017 918 277 641 537 334 240 2502 265
is_linear=0
shrinkage=0.05


Tree=9
num_leaves=31
num_cat=0
split_feature=0 6 6 4 6 0 6 4 6 4 4 4 6 4 4 6 4 2 4 4 4 4 6 6 3 3 6 6 4 6
split_gain=578.755 66.0501 27.5906 16.2407 15.0339 13.6383 5.77611 5.74359 5.4356 5.03684 4.65911 3.96966 3.82649 3.3526 3.61669 3.08778 2.99984 4.59011 3.4657 2.94289 2.90447 3.77594 3.24021 3.91365 2.9103 2.7015 7.66671 7.10112 4.27422 3.65145
threshold=1.0000000180025095e-35 0.55102959275245678 0.44102959334850317 0.89736840128898632 0.7205772101879121 0.73775246739387523 0.76782143115997326 0.69615384936332714 0.88441807031631481 1.0000000180025095e-35 0.2171035781502724 0.221071831882 0.95867609977722179 0.83771929144859325 0.8441295623779298 0.68852961063385021 0.57518798112869274 0.39999999478459364 0.51779556274414074 0.89181286096572887 0.58215284347534191 0.49848246574401861 0.87731194496154796 0.78982144594192516 0.77500000596046459 1.0000000180025095e-35 0.90246430039405834 0.9809386432170869 0.63397127389907848 0.89844244718551647
decision_type=2 2 2 2 2 2 2 2 2 2 2 2 2 2 2 2 2 2 2 2 2 2 2 2 2 2 2 2 2 2
left_child=1 10 5 6 7 -2 -4 -3 9 -6 -1 -12 13 -8 -15 -9 17 -14 -19 -16 21 -11 23 -23 -24 26 28 29 -10 -27
right_child=2 4 3 -5 8 -7 12 15 25 20 11 -13 16 14 19 -17 -18 18 -20 -21 -22 22 24 -25 -26 27 -28 -29 -30 -31
leaf_value=-0.035720448285133204 -0.007335836707348488 -0.016392806080125458 0.0086608930738272718 0.022172999676762572 -0.038619872748085149 0.019783408716608743 0.016463664401683415 0.0021221238436431775 0.013419110272076963 -0.0079002113734845478 -0.00045805977189091075 -0.0261224709663198 0.06078289108577626 0.00141203161954387 0.018127031916113319 -0.034586296872908859 0.026962051466466144 0.062715354146089711 -0.010328909633177126 0.0061652482599468634 -0.0048005461322895415 -0.0076136968557220745 0.049973051026502881 -0.0176953006890814 -0.022614019941622151 -0.025366351731825162 -0.0046209743330512306 0.010906705878531674 -0.012687169993931139 -0.0083852327193040723
leaf_weight=142.95599496364594 173.38674868643284 657.74843448400497 322.0011855661869 1205.1144358962774 13.470463410019873 63.279913425445557 1160.0585446208715 62.713301494717598 102.1846299469471 2393.1955380886793 15.885135009884833 292.58968353271484 3.320662513375285 79.685109913349152 142.83637753129005 6.3045961856842032 119.49040806293488 1.8016184568405176 16.462115943431854 80.339946791529655 591.2668771147728 160.64780789613724 3.7846520543098441 240.1925545334816 2.1741745620965958 36.88366711139679 502.05411460995674 44.094546809792519 18.520219519734383 223.40903449058533
leaf_count=813 841 3457 1491 5336 77 282 5255 305 509 12223 85 1597 15 361 646 34 534 8 75 366 2983 819 19 1219 11 186 2513 218 92 1131
internal_value=4.70115e-05 -0.00993358 0.0163764 0.0176206 -0.00829824 -8.4695e-05 0.0147722 -0.014953 -0.00718177 -0.00810602 -0.0282588 -0.0248009 0.015999 0.0152406 0.0105561 -0.00123109 0.0238632 0.00670822 -0.00312349 0.013821 -0.00798481 -0.00865723 -0.0131107 -0.0136548 0.0234885 -0.00378768 -0.00190077 -0.0076482 0.00941352 -0.0107915
internal_weight=8877.85 5510.08 3367.78 3131.11 5058.64 236.667 1926 726.766 4331.88 3404.73 451.431 308.475 1603.99 1462.92 302.861 69.0179 141.075 21.5844 18.2637 223.176 3391.26 2799.99 406.799 400.84 5.95883 927.146 622.759 304.387 120.705 260.293
internal_count=43501 28291 15210 14087 25796 1123 8751 3796 22000 17351 2495 1682 7260 6628 1373 339 632 98 83 1012 17274 14291 2068 2038 30 4649 3114 1535 601 1317
is_linear=0
shrinkage=0.05


Tree=10
num_leaves=31
num_cat=0
split_feature=0 6 6 4 0 6 6 6 4 4 6 4 4 6 6 6 6 4 4 4 4 6 4 6 1 4 4 4 6 4
split_gain=524.443 64.8777 23.9442 15.7906 8.75958 8.62155 7.38422 5.75904 4.71034 4.06523 3.77357 3.27403 3.1169 3.04569 4.30838 5.55643 3.23844 2.72612 5.77593 2.7225 3.64814 2.67781 2.51188 3.43609 5.94441 3.92452 4.10594 7.79877 5.59081 5.50497
threshold=1.0000000180025095e-35 0.57852959632873546 0.44102959334850317 0.97368422150611889 0.73775246739387523 0.76782143115997326 0.30352959036827093 0.76782143115997326 0.88562092185020458 0.054093567654490478 0.88441807031631481 0.38501489162445074 0.94281044602394115 0.9809386432170869 0.89281857013702404 0.78982144594192516 0.79625236988067638 0.23303167521953586 0.24768495559692386 0.33287434279918676 0.31009615957736975 0.94508537650108349 0.56110811233520519 0.82735103368759166 0.67500001192092907 0.62828946113586437 0.89736840128898632 0.86190477013587963 0.97664284706115734 0.78759399056434642
decision_type=2 2 2 2 2 2 2 2 2 2 2 2 2 2 2 2 2 2 2 2 2 2 2 2 2 2 2 2 2 2
left_child=1 6 4 7 -2 19 17 12 9 -7 -11 -12 -4 14 15 -10 -17 -1 -19 20 -3 -16 -9 -24 25 -25 27 29 -28 -27
right_child=2 5 3 -5 -6 8 -8 22 13 10 11 -13 -14 -15 21 16 -18 18 -20 -21 -22 -23 23 24 -26 26 28 -29 -30 -31
leaf_value=-0.034953812761416389 -0.0056969379393841868 -0.014951862141493331 0.0090894960810318261 0.023711121276922806 0.016161084960043044 -0.032313534470455457 -0.01779833757278022 0.010633915941332053 0.019655013063967823 -0.0075931239403994131 -0.012958113604496153 -0.0029403383187756264 0.035921319029664549 -0.048918829285897442 0.054377018682224644 -0.055427256368410366 -0.0059199714376545667 0.099900530730208853 -0.026571488427835074 -0.0099479803151579105 -0.037099297082939089 0.0057764331093158655 0.014997346359981551 0.0013424369128543362 0.016414498096359201 0.037246943761207983 0.019329845511205715 0.063624581202179828 -0.076191896042240914 0.015810550925380491
leaf_weight=138.38139137625694 170.17251668870449 270.41239422559738 425.42685596644878 655.26636111736298 62.732187479734421 15.675713941454886 217.97636254131794 190.87345589697361 25.301707059144974 3274.2284649610519 90.646217927336693 813.71481810510159 11.105921193957327 2.4245005846023551 7.2656349241733533 3.7647757083177593 26.943177297711372 0.9063304215669622 229.26042160391808 355.24618741869926 19.96654137969017 4.6469594538211823 1165.7980633229017 14.423346877098082 487.10011614859104 72.075764641165733 51.141345426440239 17.937530711293221 1.5791282653808583 51.242324396967888
leaf_count=803 828 1432 1949 2861 278 91 1165 865 126 16738 458 4086 49 12 36 19 135 5 1274 1854 105 23 5234 65 2180 321 226 80 7 228
internal_value=0.000151172 -0.00937618 0.0156595 0.0168054 0.000190455 -0.00749878 -0.0250933 0.0149872 -0.00668359 -0.00689879 -0.00680345 -0.00394444 0.00977213 0.00614746 0.00811307 0.00230552 -0.0119895 -0.0294078 -0.0260735 -0.0128835 -0.0164747 0.0354185 0.0160965 0.0166567 0.019438 0.0265051 0.0283761 0.0328202 0.0164687 0.0283395
internal_weight=8873.64 5496.76 3376.87 3143.97 232.905 4910.24 586.525 2488.7 4264.61 4194.27 4178.59 904.361 436.533 70.3468 67.9223 56.0097 30.708 368.548 230.167 645.625 290.379 11.9126 2052.17 1861.3 695.5 208.399 193.976 141.256 52.7205 123.318
internal_count=43533 28362 15171 14065 1106 25115 3247 11204 21724 21373 21282 4544 1998 351 339 280 154 2082 1279 3391 1537 59 9206 8341 3107 927 862 629 233 549
is_linear=0
shrinkage=0.05


Tree=11
num_leaves=31
num_cat=0
split_feature=0 6 6 4 6 0 6 6 4 4 6 6 4 4 4 4 3 4 6 6 4 6 4 4 4 4 4 4 4 3
split_gain=477.396 59.8195 16.7678 11.2816 8.84094 7.08496 6.14269 5.97671 5.02968 4.55566 3.58971 4.02235 7.40979 4.32291 5.08632 3.08707 3.79681 5.39878 4.16927 3.4568 2.8559 2.83658 3.86944 2.83588 2.95082 2.812 4.79995 3.7195 3.12355 2.92919
threshold=1.0000000180025095e-35 0.57852959632873546 0.44102959334850317 0.97368422150611889 0.82507720589637767 0.73775246739387523 0.30352959036827093 0.76782143115997326 0.054093567654490478 0.2035377770662308 0.76782143115997326 0.78982144594192516 0.88562092185020458 0.7947368621826173 0.58215284347534191 0.70073306560516369 1.0000000180025095e-35 0.27520549297332769 0.9809386432170869 0.96861496567726146 0.22822003811597827 0.67430341243743908 0.88562092185020458 0.63397127389907848 0.72474747896194469 0.7947368621826173 0.82085561752319347 0.78174602985382091 0.83771929144859325 0.81666666269302379
decision_type=2 2 2 2 2 2 2 2 2 2 2 2 2 2 2 2 2 2 2 2 2 2 2 2 2 2 2 2 2 2
left_child=1 6 5 7 8 -2 20 25 -3 -6 21 12 -12 14 -13 16 17 -11 19 -18 -1 22 -10 -8 -25 27 -27 -4 29 -28
right_child=2 4 3 -5 9 -7 23 -9 10 15 11 13 -14 -15 -16 -17 18 -19 -20 -21 -22 -23 -24 24 -26 26 28 -29 -30 -31
leaf_value=-0.03411183744718823 -0.003569392990197694 -0.037480164683329799 0.0068008139306349738 0.021440722430277431 -0.029827805697707419 0.016062417232969681 -0.01973921968716897 0.015248739255644794 -0.0075097883028803578 0.014235153902082468 -0.0066961117791452321 -0.011066995231156809 0.020466525667670502 -0.026710120268067308 -0.00084139155201679483 0.0032476545158172223 -0.0082925151582051194 -0.0036675074754667462 0.0088913948735345003 -0.025400916062287577 -0.024904032990602412 -0.013909416841187261 0.03934390485916911 0.015309083814750907 -0.018124416225179525 0.03039150271861232 -0.01733710229793815 -0.016234846054370866 0.011757809056286352 0.04634873975745344
leaf_weight=131.8093521296978 169.54559223353863 15.222793757915495 195.06776292622089 666.84880362451077 17.266464576125145 63.047309413552284 191.00211851298809 2073.5832332670689 150.22687789797783 44.127433940768242 1548.278528675437 864.64558629691601 25.521284222602844 38.455919653177261 141.51221433281898 134.31628005206585 429.41732056438923 921.76799018681049 33.142647758126259 31.705289661884308 233.20003272593021 485.23614449799061 4.5397317707538596 12.547354951500894 13.922564849257467 32.860844328999519 15.945037975907328 19.25316533446312 175.05972948670387 2.0360687524080268
leaf_count=781 827 90 899 2892 90 278 1038 9254 793 224 7958 4460 126 196 721 668 2192 4641 164 163 1314 2568 22 64 71 149 73 93 785 9
internal_value=3.90384e-05 -0.00912002 0.0147114 0.0156591 -0.0073142 0.00175206 -0.0242658 0.0141254 -0.00880666 -0.00428284 -0.00867271 -0.00785222 -0.00625563 -0.0102576 -0.0096288 -0.00400622 -0.00467348 -0.00284962 -0.0082377 -0.00946883 -0.0282291 -0.0120295 -0.00613544 -0.0176137 -0.00227616 0.00883413 0.0127265 0.00473144 0.00971943 -0.0101257
internal_weight=8881.11 5467.86 3413.25 3180.65 4885.38 232.593 582.481 2513.81 3273.64 1611.74 3258.42 2618.41 1573.8 1044.61 1006.16 1594.48 1460.16 965.895 494.265 461.123 365.009 640.003 154.767 217.472 26.4699 440.223 225.902 214.321 193.041 17.9811
internal_count=43603 28344 15259 14154 25076 1105 3268 11262 16934 8142 16844 13461 8084 5377 5181 8052 7384 4865 2519 2355 2095 3383 815 1173 135 2008 1016 992 867 82
is_linear=0
shrinkage=0.05


Tree=12
num_leaves=31
num_cat=0
split_feature=0 4 4 4 4 4 4 4 3 4 3 4 3 3 4 4 4 3 3 0 4 4 3 3 4 3 4 1 4 4
split_gain=435.666 9.95542 8.93818 4.93076 3.9265 3.13666 4.58557 2.82248 3.96072 3.87065 3.30034 2.81537 2.56995 2.39114 2.56059 2.38944 2.15589 3.9012 5.76808 1.82456 3.99704 1.61735 1.87281 1.55941 1.51145 1.88457 1.46514 3.47165 1.58789 1.2127
threshold=1.0000000180025095e-35 0.89736840128898632 0.26908735930919653 0.054093567654490478 0.25657895207405096 0.2239465340971947 0.24073550850152972 0.13372658193111422 0.70833334326744091 0.16002695262432101 0.77500000596046459 0.69615384936332714 0.81666666269302379 0.81666666269302379 0.28457370400428778 0.54732316732406627 0.16997673362493518 0.81666666269302379 0.77500000596046459 0.73775246739387523 0.83771929144859325 0.55237367749214183 0.77500000596046459 0.77500000596046459 0.16441292315721515 0.70833334326744091 0.89181286096572887 0.67500001192092907 0.56110811233520519 0.97368422150611889
decision_type=2 2 2 2 2 2 2 2 2 2 2 2 2 2 2 2 2 2 2 2 2 2 2 2 2 2 2 2 2 2
left_child=2 19 3 -1 5 7 -7 8 -5 10 -9 13 -12 14 -4 -16 17 18 24 26 -21 22 -17 -10 25 -11 28 -28 -2 -3
right_child=1 29 11 4 -6 6 -8 9 23 16 12 -13 -14 -15 15 21 -18 -19 -20 20 -22 -23 -24 -25 -26 -27 27 -29 -30 -31
leaf_value=-0.031520836387921601 0.0078487033675493818 0.015771116702713243 -0.0024883921321450786 -0.010984333158591634 -0.021684443656393756 0.0034744137972745393 -0.012407450491006194 -0.02063952018738795 0.0088170478688124419 0.0064923702908679399 0.014108557132335992 -0.0040267045794832321 -0.031277701052290462 -0.014220507428458349 -0.0087787806526965252 0.010527254336174562 -0.01245890294325243 0.053203092788108669 -0.057288779666018343 0.01300303364238768 0.029799077163027606 -0.0058916585360708129 -0.02743341396464867 -0.0062905324780623151 -0.013099383500840948 -0.018410107894772161 0.024469841969161629 0.0014008918126084404 0.012293422064439539 0.01878603677961499
leaf_weight=31.829914346337318 232.16541481018066 614.88945326209068 218.70712335407734 211.39323684573174 90.801650524139404 86.785030111670494 95.423207432031631 209.35507622361183 42.038886487483978 43.934277221560478 12.300778061151506 513.24689151346684 4.1785242706537238 147.63776071369648 2486.3133289515972 26.774629101157192 561.49323099851608 2.8898650705814353 5.1198266893625251 203.72110293805599 42.876318573951721 590.91693396866322 3.6978535801172248 28.770788922905922 23.251458004117012 9.1859586089849454 20.030660152435303 87.77039147913456 1494.1330212503672 728.93475612998009
leaf_count=195 1052 2718 1122 1136 483 447 506 1119 221 229 65 2605 22 765 12908 132 2982 15 27 911 190 3038 19 152 124 48 90 396 6724 3161
internal_value=7.82583e-05 0.014052 -0.00870853 -0.0120574 -0.0116233 -0.0109395 -0.00484298 -0.0119022 -0.00755605 -0.0133092 -0.0189437 -0.00748334 0.00260033 -0.00799401 -0.00771766 -0.00808567 -0.0113391 -0.0038873 -0.00591185 0.0118854 0.0159234 -0.00531239 0.00592071 0.00267866 -0.00246762 0.00218604 0.0113425 0.00568736 0.0116957 0.0174065
internal_weight=8870.57 3424.52 5446.05 1458.75 1426.92 1336.12 182.208 1153.91 282.203 871.709 225.834 3987.29 16.4793 3474.05 3326.41 3107.7 645.875 84.3814 81.4915 2080.7 246.597 621.389 30.4725 70.8097 76.3717 53.1202 1834.1 107.801 1726.3 1343.82
internal_count=43602 15242 28360 7771 7576 7093 953 6140 1509 4631 1206 20589 87 17984 17219 16097 3425 443 428 9363 1101 3189 151 373 401 277 8262 486 7776 5879
is_linear=0
shrinkage=0.05


Tree=13
num_leaves=31
num_cat=0
split_feature=7 6 6 6 4 6 2 6 4 4 6 4 3 4 4 2 6 4 6 4 6 6 6 6 4 4 4 4 4 4
split_gain=372.339 52.9974 18.0895 13.205 13.0517 6.22992 6.04721 5.0947 5.02137 3.86587 3.32402 7.12956 3.27968 3.15477 2.9002 3.3835 9.77859 5.97197 3.67581 3.42833 2.83268 2.82993 2.43563 2.48169 2.39229 8.88659 2.38327 4.0904 2.36728 2.28283
threshold=1.0000000180025095e-35 0.44102959334850317 0.44102959334850317 0.7205772101879121 0.89736840128898632 0.82507720589637767 1.0000000180025095e-35 0.76782143115997326 0.054093567654490478 0.69615384936332714 0.68852961063385021 0.57518798112869274 1.0000000180025095e-35 0.62019231915473949 0.83771929144859325 1.0000000180025095e-35 0.82735103368759166 0.87867647409439098 0.81745669245719921 0.8441295623779298 0.68852961063385021 0.7205772101879121 0.9809386432170869 0.96861496567726146 0.45930244028568273 0.44949495792388922 0.92582416534423839 0.91287881135940563 0.53800037503242504 0.26399786770343786
decision_type=2 2 2 2 2 2 2 2 2 2 2 2 2 2 2 2 2 2 2 2 2 2 2 2 2 2 2 2 2 2
left_child=2 28 6 9 7 8 26 10 -5 24 -4 -12 -7 -13 -9 16 17 18 -16 -18 -11 -15 23 29 25 -3 27 -1 -2 -14
right_child=1 3 4 5 -6 12 -8 14 -10 20 11 13 22 21 15 -17 19 -19 -20 -21 -22 -23 -24 -25 -26 -27 -28 -29 -30 -31
leaf_value=0.0086741958854584557 -0.02828246670535934 -0.013425275870314852 0.0076296407374203115 -0.036079842027870457 0.017896597778554763 -0.0016294849320087287 -0.0053549987631051413 0.013568158716697244 -0.0070201107562828952 0.001697493474880148 0.030266508907229858 -0.059522834315576506 -0.026616038633865774 -0.031683117874855914 0.016592623776897238 0.0068391077460897348 0.0019578047028969022 -0.076096087262403717 -0.076580519057686591 0.066259355589791527 -0.033521068748957737 -0.00025192489444111188 0.004976818994030293 -0.021088716317894819 -0.019449195329352752 0.028078230382821819 0.023236149375926274 -0.057612566182703363 -0.019203072790162035 -0.0058969353670172307
leaf_weight=30.803822085261345 289.84973315894604 523.09282793104649 282.75962670147419 14.949120312929152 1234.1074952334166 1062.2768933027983 172.12183699011803 1291.4590211212635 2657.0601795166731 62.233899161219597 9.8904921412467939 4.0230001509189597 13.709273293614386 11.666723653674127 16.094558000564582 317.03603814542294 2.5164756923913947 2.253192961215972 1.1330749243497837 11.760119512677191 6.2861420214176169 18.544327646493912 42.820877552032471 31.264030128717422 155.29452542960644 13.223542690277098 29.181267932057381 2.5175049751996985 95.428336903452873 439.43409872055054
leaf_count=135 1712 2832 1288 92 5343 5370 836 5733 13777 307 44 19 73 57 71 1410 11 10 5 51 35 86 211 163 834 71 127 11 542 2257
internal_value=1.79904e-05 -0.00816223 0.0128835 -0.00679108 0.0138651 -0.0057082 -0.000517821 0.0113384 -0.00718269 -0.012862 0.00563788 -0.00712573 -0.00322954 -0.0179287 0.0124731 0.00844146 0.0234901 0.000452769 0.0104646 0.0549252 -0.00153352 -0.0123898 -0.00645339 -0.0074638 -0.0139843 -0.012402 0.012803 0.00366607 -0.0260336 -0.00652377
internal_weight=8844.79 5406.92 3437.87 5021.65 3203.24 4261.51 234.624 1969.14 2672.01 760.131 326.884 44.1245 1589.51 34.2341 1642.25 350.793 33.7574 19.4808 17.2276 14.2766 68.52 30.2111 527.228 484.407 691.611 536.316 62.5026 33.3213 385.278 453.143
internal_count=43513 28276 15237 26022 14128 21943 1109 8785 13869 4079 1494 206 8074 162 7291 1558 148 86 76 62 342 143 2704 2493 3737 2903 273 146 2254 2330
is_linear=0
shrinkage=0.05


Tree=14
num_leaves=31
num_cat=0
split_feature=0 6 6 4 6 0 6 4 6 4 6 4 4 6 1 4 4 4 6 4 4 4 0 4 4 6 4 4 4 4
split_gain=324.815 49.1941 13.6138 12.7539 10.7252 6.15621 5.95636 4.84918 4.59627 4.01986 3.53263 3.00111 3.70644 2.79798 6.82726 3.08509 3.80741 3.03899 3.47272 3.07153 3.00607 2.70004 2.69216 2.749 2.59338 3.813 4.58618 2.57772 2.50013 2.49362
threshold=1.0000000180025095e-35 0.55102959275245678 0.44102959334850317 0.97368422150611889 0.7205772101879121 0.73775246739387523 0.88441807031631481 0.69615384936332714 0.68852961063385021 0.4198546707630158 0.76782143115997326 0.64495798945426952 0.63961037993431102 0.91344627737998974 0.67500001192092907 0.65686276555061351 0.68585526943206798 0.68585526943206798 0.94016525149345409 0.93095237016677868 0.68990385532379161 0.2171035781502724 0.73775246739387523 0.8441295623779298 0.44949495792388922 0.90246430039405834 0.44340004026889807 0.92582416534423839 0.89181286096572887 0.93933823704719555
decision_type=2 2 2 2 2 2 2 2 2 2 2 2 2 2 2 2 2 2 2 2 2 2 2 2 2 2 2 2 2 2
left_child=1 21 5 10 7 -2 -6 -3 -9 -8 29 12 -12 -13 17 -16 -17 -15 19 -19 -18 -1 27 -24 25 26 -11 -20 -25 -4
right_child=2 4 3 -5 6 -7 9 8 -10 24 11 13 -14 14 15 16 20 18 22 -21 -22 -23 23 28 -26 -27 -28 -29 -30 -31
leaf_value=-0.030183502302791061 -0.0044958303203924688 -0.013451499469223242 0.0062818805642582791 0.01881183483927678 -0.0064539610993136019 0.013825422181359718 -0.010424315152658166 0.0047432883540630515 -0.040517531386450985 0.022236190356997226 0.0096796949939850722 0.011966761496683395 -0.0073198379533502876 0.059845336948727471 0.14276737079724097 -0.0060074635590080883 0.14328531524297086 0.034657241747596761 0.018130699927065948 0.088144751309422273 0.014525987085412015 -0.021528756997823858 0.0087736705700715827 0.093362924168772676 -0.0013500140377790317 -0.00070975346686518836 0.13259424407642853 -0.015251795734868727 0.035799412404087627 0.027646679115810053
leaf_weight=130.44833087921143 175.45826986432076 642.43492901325226 421.48615211248398 673.70236010849476 3339.9813551157713 62.070604160428047 120.44178399443626 61.531132757663727 6.1718257218599311 18.10576976835728 448.49948027729988 1317.390770688653 34.533239617943764 7.6067568659782401 0.45513194799423118 24.743478521704674 0.45437005162238975 25.300330460071567 20.750323638319973 3.002577304840087 191.72925160825253 291.46447783708572 6.266184762120246 2.5870787501335126 750.35538850724697 29.452037453651428 0.99305287003517051 8.0170125961303693 6.963501051068306 14.114944115281103
leaf_count=806 854 3492 1906 2877 17334 270 617 302 35 91 1992 5799 152 33 2 109 2 110 90 13 840 1680 27 11 3795 149 5 35 30 61
internal_value=-0.000150075 -0.00781311 0.011842 0.0126973 -0.00642145 0.000291845 -0.00547299 -0.0121102 0.000617296 -0.00190911 0.0110716 0.0119222 0.00846436 0.0129563 0.0173326 0.0127264 0.0124536 0.0297722 0.0266337 0.0403316 0.0148304 -0.0242047 0.017938 0.0345079 -0.000625377 0.0105739 0.0279743 0.00882751 0.0513923 0.00697417
internal_weight=8836.51 5391.38 3445.13 3207.6 4969.47 237.529 4259.33 710.138 67.703 919.348 2533.9 2098.3 483.033 1615.27 297.876 217.382 216.927 80.4938 72.887 28.3029 192.184 421.913 44.5841 15.8168 798.906 48.5509 19.0988 28.7673 9.55058 435.601
internal_count=43519 28306 15213 14089 25820 1124 21991 3829 337 4657 11212 9245 2144 7101 1302 953 951 349 316 123 842 2486 193 68 4040 245 96 125 41 1967
is_linear=0
shrinkage=0.05


Tree=15
num_leaves=31
num_cat=0
split_feature=0 6 6 4 6 3 4 4 4 4 4 6 6 6 4 6 4 4 4 6 4 4 6 4 4 4 6 6 6 2
split_gain=315.406 49.7586 9.60155 8.4587 5.82596 4.92532 4.2291 4.19126 3.86433 4.18851 3.45227 4.70329 3.32231 3.15914 3.46661 3.27148 5.3313 3.5354 3.12319 5.80103 2.88161 2.78729 2.56034 2.50444 2.75059 7.89901 2.35032 2.68127 2.26899 2.2491
threshold=1.0000000180025095e-35 0.44102959334850317 0.74486902356147777 0.90454545617103588 0.82507720589637767 1.0000000180025095e-35 0.93933823704719555 1.0000000180025095e-35 0.61324787139892589 0.63397127389907848 0.88562092185020458 0.78982144594192516 0.7205772101879121 0.55102959275245678 0.92582416534423839 0.68852961063385021 0.57518798112869274 0.62828946113586437 0.70073306560516369 0.83339485526084911 0.2035377770662308 0.50456413626670849 0.79625236988067638 0.69615384936332714 0.45930244028568273 0.44949495792388922 0.55102959275245678 0.68852961063385021 0.94508537650108349 1.0000000180025095e-35
decision_type=2 2 2 2 2 2 2 2 2 2 2 2 2 2 2 2 2 2 2 2 2 2 2 2 2 2 2 2 2 2
left_child=1 8 6 -4 7 21 13 -3 -1 -10 12 -12 23 -2 15 17 -17 29 20 -20 -7 -6 -13 24 25 -9 -25 -28 -22 -15
right_child=2 4 3 -5 5 18 -8 10 9 -11 11 22 -14 14 -16 16 -18 -19 19 -21 28 -23 -24 26 -26 -27 27 -29 -30 -31
leaf_value=-0.027769359410713235 -0.00078269747494960705 -0.037086285223046765 0.011072068392924224 0.017003249431671624 -0.004201522779422851 -0.042265278591632316 0.012751554001536221 -0.010712537137591738 0.025021541610599468 -0.018392873373463785 0.013921937605575828 -0.053705788307417436 -0.0068080219551560463 -0.038819476592825211 -0.017441546515600991 0.026998241253745715 -0.02010087962150733 0.011309048095685057 0.075768231525950858 0.00054771481728476507 -0.010545212629006345 0.00094730375570366515 -0.0070184329077247051 -0.047006886603540798 -0.017361450806999208 0.028564712908569791 0.0056119071837064573 -0.030181432267370273 -0.0028904960333757403 -0.00026890689864102072
leaf_weight=304.8805781006813 184.60004705190659 11.962069690227507 1744.8863253742456 917.04583631455898 594.1627140045166 6.3795937299728385 220.55041848123074 517.79276143014431 6.1725727766752234 55.582985207438469 40.658089533448219 3.7797820568084743 2609.1058750152588 4.1969726681709281 13.828452587127684 8.1842308044433612 22.597917303442955 305.47077265381813 2.7698147296905509 34.350605770945549 352.21887062489986 471.38142502307892 13.163289129734038 2.5926505476236335 152.43452082574368 13.125072449445723 48.204964011907578 5.8691296279430381 133.50258640944958 38.398398473858833
leaf_count=1850 878 76 7686 3926 3028 35 963 2843 36 322 201 20 13627 19 62 36 109 1373 14 171 1822 2372 68 14 833 70 236 34 686 174
internal_value=-0.000104175 -0.00767792 0.0116734 0.0131154 -0.00637757 -0.00388202 0.00686206 -0.00754171 -0.0254591 -0.0140535 -0.00743797 0.00469882 -0.00764671 0.00461196 0.00714803 0.00804558 -0.00757836 0.00942733 -0.00782483 0.00616044 -0.00887978 -0.00192376 -0.0174338 -0.0106037 -0.0114413 -0.00974155 -0.000502753 0.00172695 -0.00844128 -0.00406734
internal_weight=8839.85 5380.09 3459.76 2661.93 5013.45 1594.77 797.827 3418.69 366.636 61.7556 3406.73 57.6012 3349.12 577.277 392.677 378.848 30.7821 348.066 529.221 37.1204 492.101 1065.54 16.9431 740.019 683.352 530.918 56.6667 54.0741 485.721 42.5954
internal_count=43584 28358 15226 11612 26150 8128 3614 18022 2208 358 17946 289 17657 2651 1773 1711 145 1566 2728 185 2543 5400 88 4030 3746 2913 284 270 2508 193
is_linear=0
shrinkage=0.05


Tree=16
num_leaves=31
num_cat=0
split_feature=0 6 4 6 6 6 6 4 4 4 6 4 4 4 4 4 6 6 4 6 4 4 4 6 6 4 4 1 4 1
split_gain=301.15 46.3967 11.1569 9.34131 8.99299 3.68474 3.34184 3.52576 3.26402 3.16496 3.10585 3.18785 3.0699 5.23939 2.91102 2.96299 3.62345 3.89674 2.81505 2.44293 6.38731 3.36534 2.36369 2.34713 3.00374 6.40603 4.31534 3.74251 3.69141 4.37323
threshold=1.0000000180025095e-35 0.44102959334850317 0.93541666865348827 0.7205772101879121 0.55102959275245678 0.88441807031631481 0.90246430039405834 0.61324787139892589 0.221071831882 0.49848246574401861 0.30352959036827093 0.97368422150611889 0.44949495792388922 0.44340004026889807 0.69615384936332714 0.7947368621826173 0.6302853822708131 0.57852959632873546 1.0000000180025095e-35 0.93412142992019664 0.88562092185020458 0.42481203377246862 0.46410256624221807 0.76782143115997326 0.68852961063385021 0.57518798112869274 0.62019231915473949 0.67500001192092907 0.67543861269950878 0.37500001490116125
decision_type=2 2 2 2 2 2 2 2 2 2 2 2 2 2 2 2 2 2 2 2 2 2 2 2 2 2 2 2 2 2
left_child=1 8 4 14 -2 18 7 9 -1 12 11 -4 13 -7 -3 -16 17 -17 -5 20 -8 -21 -14 24 -6 27 -27 -26 29 -28
right_child=2 3 10 5 23 6 19 -9 -10 -11 -12 -13 22 -15 15 16 -18 -19 -20 21 -22 -23 -24 -25 25 26 28 -29 -30 -31
leaf_value=-0.031160254254431797 -0.00089965418199712424 -0.012443068817102554 -0.026640654388616642 -0.030971975598998419 0.008636762021489542 0.0061222080294725378 -0.010533446675345469 -0.011191027373305764 -0.021261138380438048 0.014729603580898349 0.017066762857200692 0.009497888349583334 -0.067880829295463449 0.119264026337948 0.0063945083224592183 -0.011204766239436495 -0.026179399337833389 0.058095671718961676 -0.0060643578462195044 -0.012719131431142533 0.057583220622523218 -0.00099879970874948605 -0.008156022311545252 0.011260158638045204 -0.077450192740668902 -0.070333301953439772 0.15656983295066551 0.044335162563606346 -0.014068984836639535 0.013446907191567638
leaf_weight=127.87739011645317 184.85961557924747 677.89524042606354 6.8217281699180594 11.38301834464073 361.7610746473074 41.547368407249451 173.27687485516071 32.965726584196091 238.73010814189911 68.554404765367508 819.89072613418102 57.866973713040352 1.7456810325384129 1.0490691661834706 43.309951573610306 6.1014469712972659 19.953233331441879 3.0387175381183624 3298.0133386254311 69.881058648228645 3.5112644135951987 495.74672414362431 32.467481642961502 1978.005408257246 0.68640661239623835 3.0785390585660926 0.65209275484085027 7.791340559720993 31.511985406279564 2.9405577331781387
leaf_count=818 879 3739 33 74 1623 211 885 166 1423 343 3484 263 9 5 215 31 101 14 17208 361 17 2512 166 8661 3 15 3 34 148 14
internal_value=-0.000112459 -0.00754726 0.0113909 -0.00628362 0.00972464 -0.00537165 -0.00257396 0.00357222 -0.0247141 0.00692024 0.0162346 0.00568691 -4.98106e-05 0.00890868 -0.0114252 -0.00189559 -0.0142367 0.0118347 -0.00615003 -0.00405028 -0.00918055 -0.0024468 -0.0112034 0.0105476 0.00709679 -0.00484255 -0.0135721 0.0344747 -0.00859437 0.0394248
internal_weight=8802.91 5347.05 3455.87 4980.44 2571.29 4230.14 920.746 178.33 366.607 145.364 884.579 64.6887 76.8096 42.5964 750.299 72.4033 29.0934 9.14016 3309.4 742.416 176.788 565.628 34.2132 2386.43 408.422 46.6609 38.1832 8.47775 35.1046 3.59265
internal_count=43458 28298 15160 26057 11380 21957 4675 900 2241 734 3780 296 391 216 4100 361 146 45 17282 3775 902 2873 175 10501 1840 217 180 37 165 17
is_linear=0
shrinkage=0.05


Tree=17
num_leaves=31
num_cat=0
split_feature=0 6 6 0 4 6 4 6 6 6 6 4 4 6 0 4 6 4 4 4 4 4 4 4 1 4 6 6 6 6
split_gain=240.999 45.9481 11.5586 6.45299 5.31224 5.28236 3.36892 4.56869 3.14882 3.4345 6.95872 3.6359 3.37067 3.32591 3.03545 3.60549 6.02853 3.00664 2.94611 3.97422 3.82645 5.45904 5.40693 5.48767 3.54493 2.77633 3.56327 2.5232 2.49203 2.77765
threshold=1.0000000180025095e-35 0.57852959632873546 0.44102959334850317 0.73775246739387523 0.89736840128898632 0.88441807031631481 0.88562092185020458 0.96861496567726146 0.89281857013702404 0.86489865183830272 0.83339485526084911 0.76696833968162548 0.74342104792594921 0.87413260340690624 0.73775246739387523 0.8441295623779298 0.95487165451049816 0.48108302056789404 0.86190477013587963 0.82843136787414562 0.75735294818878185 0.71825397014617931 0.58578431606292736 0.52786380052566539 0.37500001490116125 0.56110811233520519 0.89844244718551647 0.99193865060806286 0.95867609977722179 0.96164822578430187
decision_type=2 2 2 2 2 2 2 2 2 2 2 2 2 2 2 2 2 2 2 2 2 2 2 2 2 2 2 2 2 2
left_child=1 -1 3 -2 8 -3 -7 -8 9 10 -4 12 17 -13 25 27 -17 -11 19 20 21 22 23 -12 -23 -10 -27 -16 -28 -30
right_child=2 5 4 -5 -6 6 7 -9 14 11 18 13 -14 -15 15 16 -18 -19 -20 -21 -22 24 -24 -25 -26 26 28 -29 29 -31
leaf_value=-0.020807849910681228 -0.0057931859442884428 -0.0061730723400184456 0.0080578594367015036 0.0128931788910167 0.013333543320806374 -0.0023438306974326068 0.03764393128253448 -0.027235356441480812 0.00076923623949956728 -0.02621397190139579 0.041493393770927638 -0.031336260342763197 0.07828474963378089 -0.001932175005219898 0.015409490839026164 0.018818195094021745 0.10715815891482317 0.0081382404420607523 0.065135477361488128 -0.0014682139864200332 0.053974095617921103 0.08499840193309427 0.04886443229809765 -0.034512686717311149 -0.017528405097507496 0.036907265472880847 0.0087397205606481541 0.090312955495638267 0.038014999591941233 0.01501217955822678
leaf_weight=535.39257897436619 170.56596949696541 3868.3683319836855 1381.1592395156622 63.364473104476929 1249.225616440177 905.64841301739216 11.104154646396635 3.5909161865711203 50.465747654438019 6.9969359040260306 4.6025217175483721 14.151638612151144 1.6038154810667027 30.011510416865349 27.090938210487369 4.4963405281305304 3.385260283946991 71.041734024882317 4.1686711311340323 14.309898793697355 11.325680717825888 0.92032730579376121 18.047169074416161 4.9064966440200806 10.045433431863783 15.31452392041683 198.10730327665806 1.1729971915483464 14.909239888191221 109.57943087816238
leaf_count=3213 831 20392 6107 274 5321 4607 54 18 223 31 20 62 7 132 117 19 14 312 18 62 49 4 78 22 44 67 865 5 64 474
internal_value=-0.000227553 -0.0069162 0.0100027 -0.000731632 0.010776 -0.00536307 -0.00195849 0.0217899 0.00917678 0.00814566 0.00882841 0.000152211 0.00653284 -0.0113544 0.0129982 0.0268571 0.0567615 0.00505823 0.0244044 0.0217579 0.0284255 0.020914 0.0327876 0.00227551 -0.0089236 0.0117083 0.0133421 0.0185181 0.0122233 0.0177671
internal_weight=8805.07 5324.1 3480.97 233.93 3247.04 4788.71 920.343 14.6951 1997.81 1573.29 1449.49 123.806 79.6425 44.1631 424.522 36.1455 7.8816 78.0387 68.3262 64.1575 49.8476 38.5219 27.5562 9.50902 10.9658 388.376 337.91 28.2639 322.596 124.489
internal_count=43506 28284 15222 1105 14117 25071 4679 72 8796 6948 6404 544 350 194 1848 155 33 343 297 279 217 168 120 42 48 1693 1470 122 1403 538
is_linear=0
shrinkage=0.05


Tree=18
num_leaves=31
num_cat=0
split_feature=0 4 4 4 4 3 4 4 4 4 3 3 4 4 4 4 3 3 3 3 3 3 4 3 4 4 4 4 4 4
split_gain=248.261 6.18442 6.11957 4.31648 2.37021 3.99601 2.17775 2.04522 3.29533 4.74656 2.52399 4.00862 2.3573 2.74062 1.81371 3.73758 2.63142 2.60297 2.16654 1.89573 1.7988 4.58296 3.69187 2.71992 2.4275 2.28936 2.21288 2.4731 1.96771 1.73321
threshold=1.0000000180025095e-35 0.97368422150611889 0.54732316732406627 0.054093567654490478 0.55237367749214183 1.0000000180025095e-35 0.62019231915473949 0.26908735930919653 0.24073550850152972 0.2239465340971947 1.0000000180025095e-35 0.77500000596046459 0.2872628122568131 0.30384616553783422 0.13372658193111422 0.16002695262432101 0.77500000596046459 1.0000000180025095e-35 0.81666666269302379 0.77500000596046459 0.70833334326744091 0.81666666269302379 0.16997673362493518 0.77500000596046459 0.16441292315721515 0.20880093425512317 0.18246011435985568 0.1896910443902016 0.16997673362493518 0.51969170570373546
decision_type=2 2 2 2 2 2 2 2 2 2 2 2 2 2 2 2 2 2 2 2 2 2 2 2 2 2 2 2 2 2
left_child=2 6 3 -1 5 -4 -2 8 9 14 -11 -12 -9 -14 17 16 -16 -5 -18 -19 24 23 -23 26 -17 -24 28 -28 -22 -15
right_child=1 -3 4 7 -6 -7 -8 12 -10 10 11 -13 13 29 15 20 18 19 -20 -21 21 22 25 -25 -26 -27 27 -29 -30 -31
leaf_value=-0.027136950533200168 0.0056673066416798477 0.014063711594572204 0.021044031142056524 -0.0094664689695457098 -0.004401486854442806 -0.017151537611793541 0.0095183450425620521 -0.0025751663100836829 -0.015837827023955097 0.0062360034467912953 -0.044595629797784808 0.015534398832911758 -0.014197007663514914 -0.006696708072206816 -0.017790474321551005 0.0043722055427719972 0.014289229116162455 0.0051969550528480233 -0.028338318217349213 -0.010311680766206022 -0.029879346952318371 0.052109710297562152 -0.034262815450427905 -0.034930270136999231 -0.0081498876628551351 -0.0024547058721873212 -0.048421036624434838 -0.017267739504359985 -0.0026891814001595111 -0.010995622302364276
leaf_weight=29.477532371878624 436.2236198335886 737.51001018285751 22.351107895374298 179.19634136557579 1185.5946333855391 9.8721432089805585 2316.9809472858906 256.32712860405445 178.69416539371014 73.439028859138489 6.5369780957698804 4.8121161907911301 148.54464925825596 2042.1692518740892 200.52437509596348 42.741948261857033 11.724730148911474 68.448329582810402 3.9968674033880225 27.670303046703339 8.1955477297306043 2.9068176299333564 6.2486201077699652 22.849927395582199 409.58418515324593 59.738108471035957 8.3526848107576352 26.8447265625 35.372937440872192 264.87262491881847
leaf_count=199 1941 3121 108 999 6175 51 10164 1344 979 386 34 25 802 10832 1113 226 63 371 22 150 44 15 34 127 2248 327 45 149 192 1395
internal_value=-0.000370531 0.00999743 -0.00715168 -0.00807225 -0.00403783 0.00934217 0.00890818 -0.00793484 -0.00950348 -0.00855958 0.00284472 -0.0191 -0.00713785 -0.00761412 -0.00942727 -0.0105827 -0.0162461 -0.00590582 0.00345212 0.000732382 -0.0086164 -0.0129929 -0.00303746 -0.0197425 -0.00696663 -0.00546678 -0.0153365 -0.0246607 -0.00780385 -0.00719027
internal_weight=8827.8 3490.71 5337.09 4119.27 1217.82 32.2233 2753.2 4089.79 1377.88 1199.18 84.7881 11.3491 2711.91 2455.59 1114.4 839.081 216.246 275.315 15.7216 96.1186 622.836 170.509 68.8935 101.616 452.326 65.9867 78.7659 35.1974 43.5685 2307.04
internal_count=43681 15226 28455 22121 6334 159 12105 21922 7549 6570 445 59 14373 13029 6125 4605 1198 1520 85 521 3407 933 376 557 2474 361 430 194 236 12227
is_linear=0
shrinkage=0.05


Tree=19
num_leaves=31
num_cat=0
split_feature=0 6 6 0 6 6 6 6 6 3 3 1 6 6 3 3 3 6 3 6 3 3 6 0 6 6 6 1 3 6
split_gain=204.736 40.08 8.98316 6.34847 6.13722 2.81196 2.40428 2.32598 2.05463 1.87207 1.7378 1.4534 1.88289 1.33942 1.20409 1.17616 1.11545 1.07232 3.72176 2.09671 3.82144 4.83697 3.68174 4.61654 10.0479 3.26229 4.06011 3.52982 2.69878 3.9119
threshold=1.0000000180025095e-35 0.55102959275245678 0.44102959334850317 0.73775246739387523 0.82507720589637767 0.76782143115997326 0.78982144594192516 0.74486902356147777 0.30352959036827093 0.77500000596046459 0.77500000596046459 0.37500001490116125 0.7205772101879121 0.95867609977722179 0.81666666269302379 1.0000000180025095e-35 0.81666666269302379 0.78982144594192516 1.0000000180025095e-35 0.8123472034931184 0.81666666269302379 0.77500000596046459 0.86489865183830272 0.73775246739387523 0.88441807031631481 0.82735103368759166 0.94335538148880016 0.67500001192092907 1.0000000180025095e-35 0.84753814339637767
decision_type=2 2 2 2 2 2 2 2 2 2 2 2 2 2 2 2 2 2 2 2 2 2 2 2 2 2 2 2 2 2
left_child=1 8 3 14 5 9 16 10 -1 -3 11 12 -4 17 -2 -10 -7 18 -9 -19 21 22 28 -24 -25 -22 27 -27 29 -21
right_child=2 4 7 -5 -6 6 -8 13 15 -11 -12 -13 -14 -15 -16 -17 -18 19 -20 20 25 -23 23 24 -26 26 -28 -29 -30 -31
leaf_value=-0.023002868125018793 -0.0062104814723384395 -0.0099704977806789191 0.013737915654413272 0.013401999257517942 -0.0023128998702824362 -0.0044523667240592398 -0.0071917836123166646 0.009664809689377581 -0.0095132484922091955 -0.0036138792097016263 0.0002968715857914197 0.0068442362571328845 -0.072471641236792506 0.014812673173458397 0.0081995148965393408 -0.023330894595975933 0.000609430823137361 0.0072848280045521123 0.0165003143363701 0.013932088038111693 -0.018408773851105217 0.027206482838206619 0.006261838938357106 -0.022240829893333442 0.029358387901348995 0.034355585175793693 -0.020634992407749811 0.0050277125471365055 0.0063142747775074559 0.027676837294607261
leaf_weight=328.26434548199177 158.16069062054157 614.94821815192699 114.22968351840973 65.196774661540985 1580.8880098611116 1435.113756403327 1021.4764698445797 642.0542755573988 50.630178734660149 142.70641294121742 77.905120342969894 381.32697126269341 0.63689741492271323 188.21212349832058 15.959536626935003 22.133000656962395 117.7695814371109 589.35926894843578 288.66459961235523 228.8597227782011 16.933234617114067 49.793940559029579 407.46411798894405 11.392793610692022 54.89364917576313 12.780485361814497 12.195605784654616 52.015333741903305 73.135920256376266 66.899455487728119
leaf_count=2079 769 3414 500 280 8125 7592 5411 2777 299 775 353 1668 3 806 78 130 617 2543 1239 982 74 216 1761 49 233 55 53 227 308 286
internal_value=6.9713e-05 -0.00611914 0.00944442 9.34892e-05 -0.0048785 -0.00609577 -0.00530777 0.010129 -0.0213179 -0.00877321 0.00723942 0.00832944 0.0132599 0.0107447 -0.00488969 -0.0137163 -0.00406848 0.0104392 0.0117849 0.00964437 0.0110542 0.0120638 0.011169 0.00825261 0.0204899 0.00146099 0.00583108 0.0108124 0.0149144 0.0170411
internal_weight=8822 5313.93 3508.07 239.317 4912.9 3332.01 2574.36 3268.75 401.028 757.655 574.099 496.194 114.867 2694.65 174.12 72.7632 1552.88 2506.44 930.719 1575.72 986.364 892.44 842.646 473.751 66.2864 93.9247 76.9914 64.7958 368.895 295.759
internal_count=43702 28442 15260 1127 25934 17809 13620 14133 2508 4189 2524 2171 503 11609 847 429 8209 10803 4016 6787 4244 3835 3619 2043 282 409 335 282 1576 1268
is_linear=0
shrinkage=0.05


Tree=20
num_leaves=31
num_cat=0
split_feature=0 6 6 6 0 4 3 6 4 4 6 4 4 4 6 6 4 4 4 3 4 6 4 6 1 4 6 4 4 4
split_gain=190.697 35.0246 9.16789 6.14237 4.47533 4.22168 3.45877 4.82323 2.83254 5.86447 2.57716 2.57608 2.34943 2.28849 2.52694 6.25537 4.45861 2.56163 2.16731 2.15132 3.104 2.14481 5.00075 3.56127 2.96808 4.25627 6.53708 3.16115 4.0207 4.02439
threshold=1.0000000180025095e-35 0.55102959275245678 0.30352959036827093 0.82507720589637767 0.73775246739387523 0.89736840128898632 1.0000000180025095e-35 0.9809386432170869 0.82843136787414562 0.88562092185020458 0.76782143115997326 0.27520549297332769 0.17487869411706927 0.50456413626670849 0.89844244718551647 0.88441807031631481 0.63397127389907848 0.65686276555061351 0.20880093425512317 0.77500000596046459 0.2171035781502724 0.79625236988067638 0.58578431606292736 0.82735103368759166 0.67500001192092907 0.85164836049079906 0.94508537650108349 0.86190477013587963 0.78174602985382091 0.7947368621826173
decision_type=2 2 2 2 2 2 2 2 2 2 2 2 2 2 2 2 2 2 2 2 2 2 2 2 2 2 2 2 2 2
left_child=1 19 4 -3 -2 10 11 18 -6 -10 -4 12 -5 -13 15 -15 -17 -18 -8 -1 -21 -12 -23 -24 27 -26 -27 28 -25 -30
right_child=2 3 5 6 8 -7 7 -9 9 -11 21 13 -14 14 -16 16 17 -19 -20 20 -22 22 23 24 25 26 -28 -29 29 -31
leaf_value=-0.022190968414919566 -0.0055739697658158133 -0.0061924465106240655 0.0042537977415170285 -0.013941434154433663 -0.013124980271951159 0.011877611747365154 -0.02902350104982343 0.010554436183424156 0.087690807376459942 0.011161181053207523 0.01138480402928326 -0.0035595520453978466 0.01453287209483204 -1.4212698518773734e-05 -0.0017819270446491845 0.027515916053084788 -0.050164123775705317 0.005774375835175153 -0.0066344698986581978 -0.033298988128176367 -0.0072853300817218875 0.00050137457294475822 0.0053829925782455717 0.022376066866083753 0.011669364675455478 -0.017108301667222225 0.019903514182450233 0.037207018210698349 -0.022025809167111242 0.011635299047615713
leaf_weight=323.19492511451244 154.54048478603363 3292.9336194545031 345.14754822850227 8.639310270547865 10.790814429521559 1258.8223697543144 11.064340770244597 41.818828001618385 2.6354833990335456 49.903280377388 602.59458084404469 535.00041003525257 44.863672643899918 135.00971168279648 280.4051449149847 42.442954957485199 2.7494788169860831 8.0059102177619916 468.61401417851448 14.390681356191633 56.44791978597641 198.86605133116245 348.99219679832458 77.928797423839569 318.38655471801758 33.146402925252914 18.638406306505203 18.481140926480293 11.229446753859518 42.429090470075607
leaf_count=2054 753 17652 1557 47 47 5318 62 207 11 213 2624 2753 231 691 1418 207 14 40 2452 97 344 872 1519 332 1376 145 80 78 48 181
internal_value=-0.000114178 -0.00612292 0.00894502 -0.00496317 -0.000986579 0.00960579 -0.00239893 -0.00573111 0.0102078 0.0150001 0.00818711 -0.000755099 0.00993503 -0.00132499 0.00122613 0.00570774 0.0202292 -0.00852559 -0.0071509 -0.0204613 -0.0125699 0.00899969 0.00765407 0.00929049 0.0119117 0.00950711 -0.003787 0.0178432 0.0151236 0.00459084
internal_weight=8758.11 5265.58 3492.53 4871.55 217.87 3274.66 1578.61 521.497 63.3296 52.5388 2015.84 1057.12 53.503 1003.61 468.613 188.208 53.1983 10.7554 479.678 394.034 70.8386 1670.69 1068.1 869.232 520.24 370.171 51.7848 150.068 131.587 53.6585
internal_count=43423 28269 15154 25774 1024 14130 8122 2721 271 224 8812 5401 278 5123 2370 952 261 54 2514 2495 441 7255 4631 3759 2240 1601 225 639 561 229
is_linear=0
shrinkage=0.05


Tree=21
num_leaves=31
num_cat=0
split_feature=0 6 6 6 6 3 6 0 6 1 6 3 6 6 6 3 6 6 1 6 6 3 6 6 3 6 6 3 3 3
split_gain=177.509 31.4071 7.8906 6.10527 3.57246 2.56163 2.2975 2.64369 2.21742 2.53227 6.78449 2.49507 2.27421 4.63106 2.37941 2.20985 2.10194 2.09979 2.59777 1.89459 1.73721 1.72905 1.68539 2.16368 1.79516 2.55893 3.70183 2.9942 1.78047 1.67183
threshold=1.0000000180025095e-35 0.44102959334850317 0.74486902356147777 0.7205772101879121 0.93412142992019664 0.81666666269302379 0.30352959036827093 0.73775246739387523 0.78982144594192516 0.67500001192092907 0.82735103368759166 1.0000000180025095e-35 0.86489865183830272 0.87413260340690624 0.84753814339637767 0.81666666269302379 0.2297557815909386 0.68852961063385021 0.67500001192092907 0.99193865060806286 0.83339485526084911 0.70833334326744091 0.94016525149345409 0.92849752306938182 0.70833334326744091 0.9809386432170869 0.96861496567726146 1.0000000180025095e-35 1.0000000180025095e-35 0.70833334326744091
decision_type=2 2 2 2 2 2 2 2 2 2 2 2 2 2 2 2 2 2 2 2 2 2 2 2 2 2 2 2 2 2
left_child=1 -1 6 5 -5 -3 7 -2 11 10 -10 -4 14 15 20 -14 -9 -8 -19 22 -12 -13 23 -11 25 26 -24 -28 -27 -16
right_child=2 3 8 4 -6 -7 17 16 9 19 12 21 13 -15 29 -17 -18 18 -20 -21 -22 -23 24 -25 -26 28 27 -29 -30 -31
leaf_value=-0.020202915899806374 -0.0034623662619874965 -0.0098285198627855938 0.010289040492181406 -0.0045476749199518888 -0.00024734965030326844 0.00080731701203439171 0.006846185812716574 0.0096406563816895611 0.0068929450605745013 0.007674250357284966 0.019717613302108625 0.02012749339434702 -0.0064836463341029788 0.01652818923374989 0.029479288391041299 -0.078372418583708955 -0.078195908259859781 -0.053816668842371809 -0.0017826956627490652 0.017653586717660368 -0.0091344378923200967 0.012410513971850529 0.0038152980320212862 0.021559866624395133 -0.0048094259042702897 -0.017760738385682231 0.029782412258583552 -0.017578152995259024 0.036519571602123789 0.070630091581599733
leaf_weight=350.50018498301506 155.17462028563023 668.94415010511875 642.16544315218925 3629.7208302468061 557.07513836026192 61.846665814518929 547.26026919484138 62.335861399769783 356.67971174418926 838.2748739272356 29.757548421621323 131.01217997074127 14.41773064434528 193.61573883891106 43.024671629071236 1.1546162366867072 0.68862231075763602 2.5725565403699866 35.48303110897541 44.875074669718742 6.3263664394617072 162.76403316855431 108.95757415890694 29.025857850909233 53.039373278617859 15.388189941644669 25.98238538205624 3.8290493488311759 1.6752090901136405 2.6183801889419547
leaf_count=2271 758 3761 2762 19169 2851 330 2395 266 1525 3606 126 546 62 821 181 5 3 12 163 191 27 706 467 124 230 66 111 16 7 11
internal_value=6.05682e-05 -0.00574222 0.00877457 -0.00471154 -0.00397549 -0.00892841 0.00442404 4.50955e-05 0.0100671 0.00902562 0.0115148 0.0120352 0.0171816 0.0144184 0.0242543 -0.0118139 0.00868093 0.00605646 -0.00530019 0.00758766 0.0146592 0.015852 0.00716793 0.00813896 0.00313589 0.00584017 0.00808694 0.0236993 -0.0124317 0.03184
internal_weight=8776.19 5268.09 3508.1 4917.59 4186.8 730.791 803.515 218.199 2704.58 1768.64 647.595 935.942 290.915 209.188 81.727 15.5723 63.0245 585.316 38.0556 1121.05 36.0839 293.776 1076.17 867.301 208.872 155.832 138.769 29.8114 17.0634 45.6431
internal_count=43569 28382 15187 26111 22020 4091 3597 1027 11590 7576 2758 4014 1233 888 345 67 269 2570 175 4818 153 1252 4627 3730 897 667 594 127 73 192
is_linear=0
shrinkage=0.05


Tree=22
num_leaves=31
num_cat=0
split_feature=0 6 6 6 4 4 4 6 6 4 4 6 4 4 6 0 4 6 6 4 6 4 6 4 1 4 4 1 6 4
split_gain=154.436 28.7769 8.16741 5.17505 5.0557 5.02913 3.92974 3.31567 2.80182 3.04895 4.3376 2.66053 2.60359 2.53825 3.27883 3.45722 2.22059 2.64753 2.70486 2.41007 2.11672 7.64712 2.17506 2.48226 1.97168 3.00336 3.09236 1.90473 3.3232 1.88944
threshold=1.0000000180025095e-35 0.57852959632873546 0.74486902356147777 0.82507720589637767 0.89736840128898632 0.83771929144859325 0.5419580638408662 0.67430341243743908 0.30352959036827093 0.49848246574401861 0.4687157422304154 0.76782143115997326 0.054093567654490478 0.89181286096572887 0.94508537650108349 0.73775246739387523 0.87083333730697643 0.80857720971107494 0.86026814579963695 0.87867647409439098 0.68852961063385021 0.57518798112869274 0.7205772101879121 0.62828946113586437 0.67500001192092907 0.63961037993431102 0.64495798945426952 0.37500001490116125 0.79625236988067638 0.52786380052566539
decision_type=2 2 2 2 2 2 2 2 2 2 2 2 2 2 2 2 2 2 2 2 2 2 2 2 2 2 2 2 2 2
left_child=1 6 5 12 13 7 8 24 -1 10 -10 -6 -3 16 27 -16 -4 19 -19 -18 -9 -22 -23 -24 -2 29 -27 -15 -29 -26
right_child=2 3 4 -5 11 -7 -8 20 9 -11 -12 -13 -14 14 15 -17 17 18 -20 -21 21 22 23 -25 25 26 -28 28 -30 -31
leaf_value=-0.022289806449477395 0.001174857632832824 -0.027332291555828215 0.0080738713537671803 -0.001787523201640192 0.033733404012526384 0.0073477767972887735 -0.0084411813350767466 0.0069881805066634092 -0.012480280751299713 -0.039799739936797376 0.13428373506351843 0.011977982641650526 -0.0051947939052514602 0.012826399421718503 0.0148243401202236 0.11136851411478127 0.035833573710500492 0.054959713103960417 0.0099098561536707461 -0.013183409358371284 0.028422773973752782 -0.043402334733214358 -0.049861869477496823 0.010623005851228971 -0.010974297612972543 -0.076224798047303644 -0.013647798112284193 0.0048683179081645996 -0.017125692203124113 0.0096837601193842642
leaf_weight=239.94475324451923 77.592346578836441 13.338023975491522 1573.9662217497826 1584.9420227259398 14.25290836393833 442.56988923251629 116.89987802505493 141.93318715691566 151.8404471129179 10.540605306625364 0.50511771440505882 1002.738293632865 3148.5430529713631 14.15494294464588 15.115576565265656 0.98789313435554582 3.9334681481122988 8.5838189125061017 5.4458312541246405 6.918408215045929 9.2961682379245776 9.7541497349739092 2.4591084122657767 5.4680715799331665 19.102799236774445 2.0311037153005591 70.517544135451317 31.051276430487633 38.431236043572426 26.317801043391228
leaf_count=1605 357 90 6801 8175 60 1935 703 633 896 63 3 4207 16920 61 64 4 17 37 23 30 40 49 12 26 92 9 332 136 169 125
internal_value=7.82168e-05 -0.0053423 0.00818225 -0.00411933 0.00949474 0.00376591 -0.016512 -0.000583468 -0.0188541 -0.013793 -0.0119937 0.0122829 -0.00528818 0.0078254 8.68405e-05 0.020747 0.00830815 0.0231286 0.0374729 0.00458372 0.00454794 -0.00829055 -0.027593 -0.00814014 -0.00501558 -0.00908723 -0.0153997 -0.00389104 -0.00729671 0.000995484
internal_weight=8789.18 5266.55 3522.62 4746.82 2715.58 807.042 519.731 364.472 402.831 162.886 152.346 1016.99 3161.88 1698.59 99.7409 16.1035 1598.85 24.8815 14.0297 10.8519 168.911 26.9775 17.6813 7.92718 195.562 117.969 72.5486 83.6375 69.4825 45.4206
internal_count=43674 28455 15219 25185 11609 3610 3270 1675 2567 962 899 4267 17010 7342 434 68 6908 107 60 47 760 127 87 38 915 558 341 366 305 217
is_linear=0
shrinkage=0.05


Tree=23
num_leaves=31
num_cat=0
split_feature=0 6 4 6 6 4 4 0 4 6 6 6 6 6 6 6 6 4 4 4 6 3 4 4 4 4 4 6 6 6
split_gain=144.808 22.9802 6.9052 6.68195 4.89156 4.32091 3.55104 3.2534 2.76809 2.62302 2.44875 3.22258 3.16396 2.93332 2.5223 2.50355 2.363 2.03991 4.10439 3.08921 3.15268 2.18273 2.0057 3.23218 1.96424 1.91405 1.76403 2.74093 1.70271 6.50547
threshold=1.0000000180025095e-35 0.30352959036827093 0.89736840128898632 0.67430341243743908 0.7205772101879121 0.88562092185020458 0.53800037503242504 0.73775246739387523 0.054093567654490478 0.68852961063385021 0.9809386432170869 0.90246430039405834 0.78982144594192516 0.79625236988067638 0.94508537650108349 0.94989785552024852 0.76782143115997326 0.10263158008456232 0.095775511115789427 0.16002695262432101 0.76782143115997326 0.77500000596046459 0.13372658193111422 0.12916667014360431 0.58215284347534191 0.88562092185020458 0.83771929144859325 0.55102959275245678 0.82735103368759166 0.86489865183830272
decision_type=2 2 2 2 2 2 2 2 2 2 2 2 2 2 2 2 2 2 2 2 2 2 2 2 2 2 2 2 2 2
left_child=1 6 3 7 -3 8 -1 -2 -6 -4 11 12 -7 -14 -13 -16 -11 18 -10 20 -19 22 23 -22 -8 26 -9 -28 -5 -30
right_child=2 4 9 28 5 10 24 25 17 16 -12 14 13 -15 15 -17 -18 19 -20 -21 21 -23 -24 -25 -26 -27 27 -29 29 -31
leaf_value=-0.021597668343763695 -0.0040939463547756847 -0.0081576581084073108 0.0069144367167069953 0.0059449501659669763 -0.026804015326358552 0.018155385987508897 0.0067666503613357746 0.010725196063916536 -8.922010326079407e-05 0.028254069838328073 -0.044405390752862012 0.059923282692628393 -0.050005201591407145 0.00010564782415354256 -0.070118223819735467 0.026674606651794976 0.011518123090128922 -0.053117865040255556 0.034917752483859206 -0.0037468057761399221 -0.0058648568026446798 0.0076626513752740882 -0.013544083732265372 0.039447349148343164 -0.01317643828348539 -0.044072532230014089 0.11892156229922934 0.023934121272734081 0.019624651098552784 0.0067633414458362091
leaf_weight=231.01335492730141 207.99357704818249 750.68440639972687 361.08782085776329 1236.0770829170942 13.249099418520926 27.468532666563988 15.23969607055187 26.131403297185905 87.372862547636032 21.54383796453476 2.1326084434986106 5.3053064644336683 3.2430189549922934 29.352041587233543 0.81838536262512196 3.6367409229278564 1004.055092677474 4.1196212917566291 9.260384798049925 3768.4723788797855 52.042942479252815 18.104094251990318 146.28910699486732 4.2575039267539969 65.038631230592728 1.4024665802717198 0.97443665564060111 3.4424518793821335 119.94747576117516 545.33383284509182
leaf_count=1569 979 4257 1565 5379 91 137 97 115 469 90 11 25 18 151 4 18 4202 23 48 19850 280 96 801 23 409 6 4 15 511 2345
internal_value=3.98162e-07 -0.00527441 0.00783055 0.00605045 -0.00444179 -0.00377368 -0.0184496 -0.00181203 -0.00398668 0.0105794 0.00837271 0.00998469 0.00565459 -0.00488009 0.0366312 0.00889423 0.0118697 -0.00391277 0.00326551 -0.00408648 -0.00978025 -0.00897128 -0.0104577 -0.0024383 -0.00939053 0.0130428 0.015665 0.0448899 0.00704266 0.00908218
internal_weight=8765.09 5237.1 3527.99 2141.3 4925.81 4175.12 311.292 239.944 4103.17 1386.69 71.9566 69.824 60.0636 32.5951 9.76043 4.45513 1025.6 4089.92 96.6332 3993.29 224.813 220.694 202.59 56.3004 80.2783 31.9508 30.5483 4.41689 1901.36 665.281
internal_count=43588 28377 15211 9354 26302 22045 2075 1119 21681 5857 364 353 306 169 47 22 4292 21590 517 21073 1223 1200 1104 303 506 140 134 19 8235 2856
is_linear=0
shrinkage=0.05


Tree=24
num_leaves=31
num_cat=0
split_feature=7 6 6 6 4 2 4 4 6 6 6 6 6 6 6 6 4 4 4 1 4 6 6 4 3 4 4 4 4 4
split_gain=126.762 23.9555 6.21052 6.12069 4.69251 4.48094 3.50838 3.12778 4.62608 2.67601 2.39047 3.0068 2.95608 2.33271 2.12501 2.88562 5.65832 3.49661 2.15826 2.1414 2.11895 2.0261 2.15599 1.94882 2.45942 2.90313 2.33618 1.86445 1.97643 1.6567
threshold=1.0000000180025095e-35 0.30352959036827093 0.55102959275245678 0.82239484786987316 0.89736840128898632 1.0000000180025095e-35 0.2035377770662308 0.88562092185020458 0.78982144594192516 0.74486902356147777 0.67430341243743908 0.57852959632873546 0.6302853822708131 0.7205772101879121 0.76782143115997326 0.68852961063385021 0.57518798112869274 0.62019231915473949 0.67543861269950878 0.37500001490116125 1.0000000180025095e-35 0.79625236988067638 0.81745669245719921 0.23303167521953586 0.77500000596046459 0.24768495559692386 0.18530102074146274 0.82843136787414562 0.88562092185020458 0.83771929144859325
decision_type=2 2 2 2 2 2 2 2 2 2 2 2 2 2 2 2 2 2 2 2 2 2 2 2 2 2 2 2 2 2
left_child=2 23 5 7 14 27 -5 13 9 10 11 -9 -13 -3 15 -4 -17 -18 19 -19 -15 -10 -23 26 25 -25 -2 -1 -29 -16
right_child=1 3 4 6 -6 -7 -8 8 21 -11 -12 12 -14 20 29 16 17 18 -20 -21 -22 22 -24 24 -26 -27 -28 28 -30 -31
leaf_value=-0.0068816806501906637 -0.017608442823462675 -0.0076156120593098555 0.0049955344525954223 -0.024464250045208778 0.010729544112013312 -0.0035188251221033619 -0.00093148152156074041 -0.026342663814510878 -0.049666529514294358 0.025782285604891327 -0.025423546990483888 0.092220855997980564 0.0086021693447849608 -0.025736651124043095 0.0083663019008598984 0.02410053584254845 -0.068650784558309974 0.087527009209405579 -0.018796549835659149 0.0011490585219383984 -0.0043042123171086197 5.2888246028891805e-05 -0.066982028039389033 0.08579448667431866 -0.0042282383123284362 -0.018530702609858101 -0.032557567846791348 0.053069604801551311 0.012593969776509686 0.0045338366199311232
leaf_weight=11.945153191685675 66.117905646562576 728.51216380298138 284.79662546515465 15.996603712439535 1255.6512355953455 195.38525405526161 1597.5296880304813 2.4535974711179716 3.3324134945869472 25.68751072883606 5.9391083568334579 1.7889122962951658 2.5831127315759659 11.58564020693302 1327.435000911355 10.07608090341091 3.1619281470775595 0.90939190983772533 26.30330128967762 3.4006595462560654 2505.6466716229916 12.67995914816856 1.3247718513011939 0.66978776454925437 40.606531202793121 152.03875285387039 43.216971054673195 3.1876891255378714 56.006136447191238 358.04384663701057
leaf_count=52 478 4157 1266 90 5252 944 8260 13 19 127 31 8 13 82 5711 43 16 4 125 16 13429 67 7 4 259 995 305 13 237 1543
internal_value=0.000423903 -0.0045294 0.00773236 -0.00368871 0.00833059 0.000393134 -0.00116479 -0.0049222 0.00681628 0.0164841 -0.00222739 0.017956 0.0428166 -0.00512396 0.00683503 0.0031571 -0.00878279 -0.0185928 -0.0134225 0.0193742 -0.00440286 -0.0146261 -0.00628825 -0.0181824 -0.015165 -0.0180731 -0.0235174 0.0111374 0.0147737 0.00755218
internal_weight=8754.01 5217.71 3536.3 4915.06 3269.78 266.524 1613.53 3301.53 55.7894 38.4522 12.7647 6.82562 4.37203 3245.74 2014.13 328.648 43.8514 33.7753 30.6134 4.31005 2517.23 17.3371 14.0047 302.65 193.315 152.709 109.335 71.139 59.1938 1685.48
internal_count=43566 28344 15222 26303 13976 1246 8350 17953 285 192 65 34 21 17668 8724 1470 204 161 145 20 13511 93 74 2041 1258 999 783 302 250 7254
is_linear=0
shrinkage=0.05


Tree=25
num_leaves=31
num_cat=0
split_feature=0 6 6 6 0 6 6 3 6 6 6 6 6 2 1 3 3 3 6 6 6 3 1 3 3 6 6 6 6 6
split_gain=106.621 21.2467 5.02648 4.57104 2.42023 2.21011 2.19057 2.09488 5.41269 3.61408 2.75569 2.73169 2.71965 1.9797 1.53666 1.36777 1.19517 1.14807 1.96863 1.8044 2.46299 2.30608 2.74017 1.90156 1.52002 1.99732 10.0616 4.32089 4.0224 3.44477
threshold=1.0000000180025095e-35 0.30352959036827093 0.74486902356147777 0.30352959036827093 0.73775246739387523 0.99193865060806286 0.88441807031631481 1.0000000180025095e-35 0.90246430039405834 0.92849752306938182 0.92432236671447765 0.89844244718551647 0.95867609977722179 1.0000000180025095e-35 0.67500001192092907 0.81666666269302379 0.70833334326744091 0.70833334326744091 0.67430341243743908 0.9809386432170869 0.96861496567726146 1.0000000180025095e-35 0.67500001192092907 1.0000000180025095e-35 1.0000000180025095e-35 0.90246430039405834 0.87034457921981823 0.92849752306938182 0.89844244718551647 0.78982144594192516
decision_type=2 2 2 2 2 2 2 2 2 2 2 2 2 2 2 2 2 2 2 2 2 2 2 2 2 2 2 2 2 2
left_child=1 15 -3 4 -2 17 -4 8 -8 10 -10 16 -11 -7 -15 -1 -9 19 -19 20 24 22 -21 -22 -5 26 29 -27 -28 -26
right_child=3 2 6 5 -6 13 7 11 9 12 -12 -13 -14 14 -16 -17 -18 18 -20 21 23 -23 -24 -25 25 27 28 -29 -30 -31
leaf_value=-0.01865581149440098 -0.0039686810732693697 -0.0077564330230962559 -0.0039502215597834681 0.0065414796113881556 0.0076605244739164765 0.080037299099992132 0.010138542689593936 -0.034974426188221684 -0.0046960434522780479 0.0049037585197437361 -0.022737373196875025 -0.0028436503817250713 -0.0034627826928921787 -0.0061637430974060131 0.018696717803929976 -0.0058188939847730551 -0.012787677577977295 -0.0063798479316454996 0.0054684941870593333 0.033900443261402902 0.02418955661726311 0.052151080546762929 -0.021756510766203514 -0.014119809228318457 0.012852921099677707 -0.028171288729390953 0.057576248198917462 0.0085929208241808976 0.011365873537472194 0.0032320615105350101
leaf_weight=279.41001737117767 154.35703417658806 763.91256569325924 3211.806057408452 2184.656111985445 63.000601470470428 1.2109223455190647 117.75804349780083 7.7826364934444419 67.094595566391945 178.38921470940113 30.919645443558693 255.59769378602505 213.23901264369488 7.1685833483934394 46.769570916891098 22.415314167737961 27.581276446580887 37.466877013444901 545.30160267651081 2.60307596623898 32.047297492623329 1.4552957117557515 14.699368163943291 3.6034356653690329 227.79600022733212 10.634885132312773 15.471449643373491 32.161807745695114 6.7697617411613455 157.27997703850269
leaf_count=1912 756 4365 17162 9353 267 5 588 41 345 911 159 1330 1091 30 197 148 145 171 2356 11 135 6 63 15 943 44 64 133 28 651
internal_value=-0.000253984 -0.00482914 -0.00403197 0.00642705 -0.000597983 0.00688599 -0.00333974 -0.00115718 0.00051393 -0.00180077 -0.0103874 -0.00464571 0.000348231 0.0168121 0.0153927 -0.0177025 -0.0176704 0.00671868 0.00470675 0.00715469 0.00726324 -0.00829878 -0.0133832 0.0203174 0.0070866 0.00973238 0.010812 -0.000542905 0.0435108 0.00892339
internal_weight=8720.36 5175.91 4874.08 3544.45 217.358 3327.1 4110.17 898.362 607.401 489.642 98.0142 290.962 391.628 55.1491 53.9382 301.825 35.3639 3271.95 582.768 2689.18 2670.42 18.7577 17.3024 35.6507 2634.77 450.114 407.317 42.7967 22.2412 385.076
internal_count=43425 28197 26137 15228 1023 14205 21772 4610 3094 2506 504 1516 2002 232 227 2060 186 13973 2527 11446 11366 80 74 150 11216 1863 1686 177 92 1594
is_linear=0
shrinkage=0.05


Tree=26
num_leaves=31
num_cat=0
split_feature=0 6 6 4 6 4 2 6 6 6 6 4 4 4 4 3 4 4 4 6 2 3 3 6 6 6 6 6 4 6
split_gain=92.4162 21.6771 7.21781 4.81984 4.22569 3.13419 2.21849 4.15882 2.983 2.23555 4.64363 2.52152 2.12195 3.20793 2.69421 2.59385 2.34578 2.09243 2.16946 5.75804 3.66369 2.02549 2.41451 2.59611 1.95315 4.88406 4.2756 4.57461 2.89375 3.49063
threshold=1.0000000180025095e-35 0.30352959036827093 0.76782143115997326 0.93095237016677868 0.76782143115997326 0.92582416534423839 0.39999999478459364 0.97664284706115734 0.82239484786987316 0.80857720971107494 0.80402618646621715 0.97368422150611889 0.11331782117486001 0.09123005717992784 0.069047622382640853 1.0000000180025095e-35 0.087121214717626586 0.90454545617103588 0.83771929144859325 0.95487165451049816 1.0000000180025095e-35 0.77500000596046459 1.0000000180025095e-35 0.74486902356147777 0.87034457921981823 0.82507720589637767 0.91344627737998974 0.92849752306938182 0.93541666865348827 0.80402618646621715
decision_type=2 2 2 2 2 2 2 2 2 2 2 2 2 2 2 2 2 2 2 2 2 2 2 2 2 2 2 2 2 2
left_child=1 -1 12 4 -2 17 7 8 9 10 -5 -12 13 14 15 -3 -16 18 -6 -20 -21 22 -15 -24 25 28 -26 -28 29 -8
right_child=3 2 -4 6 5 -7 24 -9 -10 -11 11 -13 -14 21 16 -17 -18 -19 19 20 -22 -23 23 -25 26 -27 27 -29 -30 -31
leaf_value=-0.017610191131911933 0.0010845734134285832 -0.025351932376631237 -0.0029254890256971517 0.0096912146350193844 0.0066270490217006182 -0.0086076871636993277 0.010948762085497197 -0.058280233573754281 0.017876817072527043 -0.0024805619413305713 0.10215069931793588 0.031831422134699867 -0.007447692996742636 -0.029815009464905354 0.10146572257649145 0.026498679666860338 -0.0064416850752200636 0.011178398628696644 0.00064297539590791567 0.067003174897296694 0.015235082725063945 -0.064505178132185814 -0.014084441179988881 0.046394892214477484 0.027207535632662084 -0.010836034856466469 -0.025144387529460684 0.010921262227451736 0.006177925919667553 0.073347212800319014
leaf_weight=300.14090159535408 593.40486109256744 6.4777590036392194 4110.106185734272 277.32181602716446 1341.0104085505009 36.608480840921402 6.0673774480819684 2.1289159953594199 139.14403660595417 36.830485567450523 1.901917278766631 3.8664949238300323 739.64640113711357 26.167558744549751 1.2070323973894113 3.8429201245307922 0.86427050828933705 187.72454528510571 394.09532080590725 3.7262368500232688 41.276611506938934 2.9603445678949347 8.8496163189411146 2.2193836867809287 34.025016397237778 43.467769339680672 10.317133098840712 59.493189454078674 327.33966843783855 3.5541922599077225
leaf_count=2071 2683 38 21795 1160 5747 155 26 9 575 153 8 16 4237 152 7 22 5 786 1691 15 174 17 50 12 141 180 43 247 1375 15
internal_value=-0.000324656 -0.00456639 -0.0037678 0.0059033 0.00479081 0.00588803 0.00896011 0.011442 0.0117653 0.0091072 0.0106148 0.0550166 -0.00813769 -0.0178422 0.00439911 -0.00604528 0.0564403 0.0061577 0.00562823 0.00257782 0.0195215 -0.0246989 -0.0215342 -0.00195807 0.00659648 0.00493754 0.0126745 0.00559119 0.00697232 0.0339986
internal_weight=8745.79 5202.48 4902.34 3543.3 2597.85 2004.44 945.458 461.194 459.065 319.921 283.09 5.76841 792.235 52.5889 12.392 10.3207 2.0713 1967.83 1780.11 439.098 45.0028 40.1969 37.2366 11.069 484.264 380.429 103.835 69.8103 336.961 9.62157
internal_count=43605 28406 26335 15199 11251 8568 3948 1921 1912 1337 1184 24 4540 303 72 60 12 8413 7627 1880 189 231 214 62 2027 1596 431 290 1416 41
is_linear=0
shrinkage=0.05


Tree=27
num_leaves=31
num_cat=0
split_feature=0 6 4 6 6 4 4 4 0 6 6 4 4 4 4 0 4 4 4 4 6 6 4 1 6 6 6 6 4 6
split_gain=95.2082 15.7514 6.82226 6.45733 4.50968 3.20054 2.6989 4.82166 2.47156 2.38171 2.36784 2.35863 2.19108 4.55844 2.66911 2.16192 1.82997 2.40747 3.29187 2.70125 3.85088 5.25676 2.43522 2.23758 2.91182 2.48075 3.45504 1.83759 1.82829 4.66973
threshold=1.0000000180025095e-35 0.30352959036827093 0.89736840128898632 0.67430341243743908 0.94016525149345409 0.53800037503242504 0.42481203377246862 0.4301933646202088 0.73775246739387523 0.2297557815909386 0.6302853822708131 0.054093567654490478 0.63961037993431102 0.64495798945426952 0.65686276555061351 0.73775246739387523 0.89181286096572887 0.75735294818878185 0.83771929144859325 0.74342104792594921 0.87413260340690624 0.94989785552024852 0.8441295623779298 0.67500001192092907 0.99193865060806286 0.92849752306938182 0.79625236988067638 0.94016525149345409 0.88562092185020458 0.90246430039405834
decision_type=2 2 2 2 2 2 2 2 2 2 2 2 2 2 2 2 2 2 2 2 2 2 2 2 2 2 2 2 2 2
left_child=1 5 3 8 11 -1 -6 -8 12 15 -10 -3 -2 -14 -15 -4 17 19 -19 -5 -21 -22 -20 24 -18 26 -25 -27 -13 -30
right_child=2 4 9 16 6 -7 7 -9 10 -11 -12 28 13 14 -16 -17 23 18 22 20 21 -23 -24 25 -26 27 -28 -29 29 -31
leaf_value=-0.018784521316820402 0.0027351193713859535 -0.025641825024667921 -0.0050396546894089476 0.0047851034272089745 -0.0085654450678156347 -0.0069334796848561963 0.12693026859823606 0.0017801595470665649 0.0073861738306857912 0.0093683336319424822 0.089582988223369533 -0.0044776020019454852 -0.061683293464066327 0.04322745997699793 -0.0081233466375231819 0.0094383102344280361 0.016111299137600517 0.010441580488679778 -0.0023077394223979149 -0.008116911586692397 0.068549188489632637 -0.081308864435349279 0.0071863800333628273 0.0017537387934957989 -0.085494233329243954 0.058726263035578707 -0.021061763263880956 0.0060727201158006948 0.00028958828545345684 0.053728266805749651
leaf_weight=221.01098677515984 58.966369077563286 13.034254088997839 57.029959991574287 992.60046961903572 70.039026364684105 76.756041407585144 0.77095985412597556 441.42949618399143 29.612566918134693 1291.2534265965223 0.90287016332149406 4293.7899542748928 3.9450992047786704 2.5763727724552146 142.21679303050041 47.06371408700943 22.063775971531872 458.98212434351444 108.1307093501091 67.44751250743866 3.3245011568069449 0.71020415425300587 179.93057401478291 34.161838322877884 0.72840915620326896 1.8336359262466455 32.265474855899811 17.205853283405304 72.647717714309692 4.3318578451871863
leaf_count=1578 281 93 275 4268 369 501 4 2264 129 5378 4 23239 18 12 668 198 94 1973 466 292 14 3 771 150 3 8 142 73 371 20
internal_value=-0.000249798 -0.00456434 0.00605733 0.00429538 -0.00388529 -0.0157297 0.000553955 0.00199835 -0.00346892 0.00878182 0.00981816 -0.00440401 -0.00542103 -0.00865448 -0.00720964 0.00150625 0.00525903 0.00563649 0.00781214 0.00410906 -0.00527851 0.0421706 0.00362253 -0.00105568 0.0128641 -0.00476779 -0.00932834 0.0111436 -0.00434068 0.00329673
internal_weight=8746.76 5193.81 3552.95 2157.61 4896.04 297.767 512.239 442.2 238.22 1395.35 30.5154 4383.8 207.705 148.738 144.793 104.094 1919.39 1811.13 747.043 1064.08 71.4822 4.03471 288.061 108.259 22.7922 85.4668 66.4273 19.0395 4370.77 76.9796
internal_count=43659 28439 15220 9369 26360 2079 2637 2268 1112 5851 133 23723 979 698 680 473 8257 7787 3210 4577 309 17 1237 470 97 373 292 81 23630 391
is_linear=0
shrinkage=0.05


Tree=28
num_leaves=31
num_cat=0
split_feature=7 6 6 3 6 4 4 4 4 6 4 6 4 3 6 6 4 3 2 3 6 4 4 4 4 6 2 2 4 4
split_gain=83.2581 15.5416 3.43398 4.64779 3.30547 3.06153 2.88128 3.42831 2.63794 2.85906 2.63748 2.12545 2.45815 2.44585 2.07172 2.21541 2.28775 1.97557 1.82081 1.744 1.84855 1.73227 2.28753 1.69936 3.16999 5.01198 5.58485 1.89928 1.67442 2.23664
threshold=1.0000000180025095e-35 0.55102959275245678 0.82507720589637767 1.0000000180025095e-35 0.44102959334850317 0.5419580638408662 0.43558360636234289 0.39444445073604589 0.69615384936332714 0.7205772101879121 0.90454545617103588 0.30352959036827093 0.2171035781502724 1.0000000180025095e-35 0.6302853822708131 0.57852959632873546 0.88562092185020458 0.77500000596046459 1.0000000180025095e-35 0.77500000596046459 0.44102959334850317 0.53800037503242504 0.55237367749214183 0.92582416534423839 0.93095237016677868 0.95487165451049816 1.0000000180025095e-35 1.0000000180025095e-35 0.81534090638160717 0.88562092185020458
decision_type=2 2 2 2 2 2 2 2 2 2 2 2 2 2 2 2 2 2 2 2 2 2 2 2 2 2 2 2 2 2
left_child=4 5 8 -4 18 6 7 11 9 21 -6 -2 -13 -14 15 -10 -17 -8 28 20 -7 -3 -23 -12 25 26 -25 -27 -1 -30
right_child=1 2 3 -5 10 19 17 -9 14 -11 23 12 13 -15 -16 16 -18 -19 -20 -21 -22 22 -24 24 -26 27 -28 -29 29 -31
leaf_value=-0.014405216236408201 -0.018985692845994828 -0.0066632327333230297 0.00048964851607535484 -0.0052800105095526448 0.0051914538331883945 -0.0074728447275482683 -0.036281672249474289 0.0038392607154841898 0.0029236182962045368 -0.0039368965834693246 0.011803576702199361 -0.026309438675162552 0.0092741864431446983 -0.022025599821466586 -0.00087358934754959276 0.021581103271910443 0.08623423157973642 -0.014243009679761371 -0.0026355144533632669 0.005787324011732816 -0.037168167913138053 -0.030236867952602855 -0.010253237140569188 -0.048080970288677111 0.007819187279958761 0.12545281269988282 -0.0016069771120603843 0.033668591423371023 0.035614257520667603 0.006305930285278984
leaf_weight=7.9690037965774527 166.67257235944271 511.69950653612614 1049.7676274031401 522.92070603370667 2166.0773958712816 57.390345215797424 28.245061591267586 23.16560423374176 12.0063943117857 2342.6159012466669 248.70928049087524 11.480206727981566 22.847712785005573 8.5873383134603483 275.3706248998642 5.4058270007371894 1.8319396972656248 15.888876423239706 170.01532527804375 23.432262241840363 5.7674536108970633 17.766551956534386 73.830211982131004 7.9309957921504965 878.95666590332985 0.7191221117973331 34.959511324763298 2.6066780090332022 7.4530145972967139 51.425588548183441
leaf_count=35 1222 2971 5408 2763 9318 378 191 158 62 12692 1041 77 140 53 1446 26 8 105 834 147 35 104 425 34 3632 3 149 11 31 216
internal_value=-4.53415e-05 -0.0040987 -0.00334584 -0.00142877 0.00582103 -0.0140681 -0.0166343 -0.0144133 -0.00427623 -0.00472737 0.00622581 -0.0164307 -0.00650783 0.000723799 0.000234818 0.0160954 0.0379454 -0.0283474 0.000113343 -0.00586239 -0.0101846 -0.00779679 -0.0141294 0.00813442 0.00714807 -0.00561555 -0.0102006 0.0535147 0.00710459 0.0100159
internal_weight=8753.52 5176.69 4813.22 1572.69 3576.82 363.477 276.887 232.753 3240.53 2945.91 3339.96 209.588 42.9153 31.4351 294.615 19.2442 7.23777 44.1339 236.863 86.5901 63.1578 603.296 91.5968 1173.88 925.173 46.2163 42.8905 3.3258 66.8476 58.8786
internal_count=43715 28411 25905 8171 15304 2506 1946 1650 17734 16192 14188 1492 270 193 1542 96 34 296 1116 560 413 3500 529 4870 3829 197 183 14 282 247
is_linear=0
shrinkage=0.05


Tree=29
num_leaves=31
num_cat=0
split_feature=0 6 6 6 4 4 4 4 6 4 4 1 6 6 4 4 4 3 6 6 6 6 4 6 6 4 4 4 4 0
split_gain=65.5841 12.4646 4.51877 3.35149 2.78874 2.49554 2.4386 2.96104 2.25012 4.54379 3.0797 2.07466 2.01112 1.96931 1.7991 1.98367 2.25625 2.99633 2.98824 7.19966 3.00354 6.40255 1.81534 5.57977 2.08095 2.76239 1.87977 1.69296 4.19431 2.47951
threshold=1.0000000180025095e-35 0.74486902356147777 0.74486902356147777 0.30352959036827093 0.97368422150611889 0.53800037503242504 0.93933823704719555 0.93541666865348827 0.68852961063385021 0.57518798112869274 0.62828946113586437 0.67500001192092907 0.7205772101879121 0.67430341243743908 0.58215284347534191 0.5644509792327882 0.54732316732406627 0.77500000596046459 0.87034457921981823 0.82507720589637767 0.89844244718551647 0.95867609977722179 0.49848246574401861 0.87413260340690624 0.96861496567726146 0.5313725769519807 0.51969170570373546 0.89181286096572887 0.88562092185020458 0.73775246739387523
decision_type=2 2 2 2 2 2 2 2 2 2 2 2 2 2 2 2 2 2 2 2 2 2 2 2 2 2 2 2 2 2
left_child=1 3 6 5 -4 -1 7 8 13 -10 -11 -8 -12 27 15 16 22 18 19 -18 -20 -22 -3 -24 -25 26 -26 28 29 -2
right_child=2 14 4 -5 -6 -7 11 -9 9 10 12 -13 -14 -15 -16 -17 17 -19 20 -21 21 -23 23 24 25 -27 -28 -29 -30 -31
leaf_value=-0.016152226241693071 -0.0053994542704056819 -0.0026647578406058803 0.005102655627569265 -0.0070171908455272025 0.0090522517004143731 -0.0055917286837457196 0.010472482677379961 -0.075091564720316972 0.016412049795718898 -0.067699200985516891 -0.030419978842270597 0.00081412310426472395 0.0013034461319043149 0.0043217271796792455 -0.00041083244075280863 -0.010248404412723917 0.0054454035886040489 -0.02677541266036329 0.018736132098667171 -0.044668632344372843 -0.040383233346700381 0.029381997450126287 -0.011068732708394381 0.0032742863067433329 -0.067717489706438608 0.00059371739172671694 -0.014442916536547541 0.0043092113541460782 -0.075910017289257781 0.0096002926176302038
leaf_weight=211.93046468496323 195.82818441092968 2655.9560825824738 2192.9961474239826 748.7162202745676 561.33434291183949 76.00410670042038 122.98430208861828 1.3104648292064656 9.7083079516887647 3.4710534811019924 11.591882541775703 101.47893683612347 8.7800092697143555 240.16702845692635 739.20129804313183 95.229702040553093 40.956146210432053 7.5101239234209052 49.590519800782204 8.6870881319046003 7.10249015688896 6.1243650019168854 257.43134270608425 145.70328766107559 1.7379216104745854 57.375178948044777 35.037871271371841 85.754664123058319 2.0057789534330359 32.061822548508644
leaf_count=1553 924 14296 9323 4344 2307 500 516 6 41 18 58 438 41 1047 3857 490 219 40 244 45 36 31 1392 761 9 293 184 384 9 139
internal_value=-0.000267692 -0.003881 0.00493978 -0.00878023 0.00590759 -0.0133646 0.00166962 -1.62348e-05 0.000150696 -0.0124238 -0.0241651 0.00610598 -0.0167476 0.000909741 -0.00264458 -0.00313478 -0.00292782 0.00380222 0.00584419 -0.00332407 0.0130897 -0.00808019 -0.00318387 -0.00595641 -0.000469443 -0.00626305 -0.0169605 -0.00168632 -0.00392274 -0.00328914
internal_weight=8713.77 5144.29 3569.47 1036.65 2754.33 287.935 815.142 590.679 589.369 33.5513 23.8429 224.463 20.3719 555.817 4107.64 3368.44 3273.21 119.971 112.461 49.6432 62.8174 13.2269 3153.24 497.286 239.854 94.151 36.7758 315.65 229.896 227.89
internal_count=43545 28294 15251 6397 11630 2053 3621 2667 2661 158 117 954 99 2503 21897 18040 17550 615 575 264 311 67 16935 2639 1247 486 193 1456 1072 1063
is_linear=0
shrinkage=0.05


Tree=30
num_leaves=31
num_cat=0
split_feature=0 6 4 6 4 6 0 6 4 6 3 6 6 6 6 4 6 1 6 6 4 4 6 3 4 4 4 4 4 3
split_gain=65.3844 13.7518 3.68968 2.91472 3.20435 2.88543 3.98655 2.47183 2.41361 2.42682 2.20963 2.87801 2.07858 2.5754 2.66793 3.84088 2.96547 2.52009 2.32204 4.76598 2.12877 2.03839 2.88283 1.94074 1.929 1.81736 6.56436 2.05704 2.73991 3.76376
threshold=1.0000000180025095e-35 0.44102959334850317 0.221071831882 0.7205772101879121 0.65686276555061351 0.30352959036827093 0.73775246739387523 0.6302853822708131 0.93541666865348827 0.55102959275245678 0.77500000596046459 0.97664284706115734 0.87034457921981823 0.90246430039405834 0.92849752306938182 0.94590643048286449 0.94016525149345409 0.37500001490116125 0.97664284706115734 0.95867609977722179 0.94590643048286449 0.54732316732406627 0.76782143115997326 0.70833334326744091 0.92582416534423839 0.45930244028568273 0.44949495792388922 0.38377101719379431 0.3717105239629746 0.77500000596046459
decision_type=2 2 2 2 2 2 2 2 2 2 2 2 2 2 2 2 2 2 2 2 2 2 2 2 2 2 2 2 2 2
left_child=1 2 23 4 25 6 -2 -6 24 -10 21 -12 -11 -14 15 -15 -16 18 19 -18 -21 -5 -23 -1 -7 26 27 28 -3 -30
right_child=5 3 -4 10 7 8 -8 -9 9 12 11 -13 13 14 16 -17 17 -19 -20 20 -22 22 -24 -25 -26 -27 -28 -29 29 -31
leaf_value=-0.017667891545488479 -0.0047387502801885268 -0.0069097237323095754 -0.0099979604522167798 -0.0026437645932202245 0.015313953202543111 0.0049057884891210834 0.010028474544884924 -0.0028075249737829263 0.02709924743301706 0.0062139377092253869 -0.0056750977003588434 0.009840564095584663 0.022749623338118165 0.062441665312736663 0.03176785549931465 -0.016663906246100667 -0.035777418453963393 0.012009082555737016 -0.058018708422288526 -0.031680568376826 0.051958353252245883 0.031883722726371466 6.974274059833961e-05 -0.033517778246626162 -0.0030436823529472572 -0.012821838660839111 0.029622123069973156 -0.014706727162213244 0.0014898397124197529 0.050670523192406849
leaf_weight=80.772845380008221 157.37722474336624 369.66776180267334 207.60400268435478 2677.4196112453938 27.566910907626152 2424.3921082168818 64.406082600355148 59.293034702539444 15.879566863179205 689.04107467830181 714.6524446606636 31.192141950130463 44.840290024876595 1.6951774209737802 15.619457140564917 16.185089856386185 5.0808407813310605 57.484296053647995 2.3272877335548392 0.96186774969100941 3.6387462764978409 7.1955227106809607 684.75319735705853 25.382224716246128 78.792817279696465 120.49606303870678 12.620819404721258 71.922298058867455 37.222652062773705 4.3442271649837485
leaf_count=620 774 2178 1425 14394 144 10381 271 318 67 2837 3839 158 184 7 64 67 21 237 10 4 15 40 3545 195 334 710 70 420 215 25
internal_value=-0.000115389 -0.00373247 -0.0138752 -0.003072 -0.00604707 0.00507317 -0.000450334 0.00294372 0.0054382 0.00773558 -0.00256367 -0.00502621 0.00736815 0.0127479 0.00839339 -0.00916413 0.0120818 0.00765715 -0.013175 -0.00239516 0.0344716 -0.00201857 0.000400574 -0.0214577 0.00465556 -0.00731426 -0.00597568 -0.00690555 -0.00554117 0.0066298
internal_weight=8709.83 5132.11 313.759 4818.35 703.134 3577.72 221.783 86.8599 3355.94 852.754 4115.21 745.845 836.874 147.833 102.993 17.8803 85.1125 69.493 12.0087 9.68145 4.60061 3369.37 691.949 106.155 2503.18 616.274 495.778 483.157 411.235 41.5669
internal_count=43569 28296 2240 26056 4080 15273 1045 462 14228 3513 21976 3997 3446 609 425 74 351 287 50 40 19 17979 3585 815 10715 3618 2908 2838 2418 240
is_linear=0
shrinkage=0.05


Tree=31
num_leaves=31
num_cat=0
split_feature=0 6 4 4 6 6 6 1 6 4 6 4 4 4 4 6 6 4 4 4 6 6 1 6 0 4 6 2 4 4
split_gain=62.7932 10.9996 5.16848 3.01234 3.60788 7.68741 3.40073 3.28182 3.19837 4.21663 3.88835 3.15298 2.87784 4.20461 2.6939 5.70365 2.55463 5.4492 2.40758 2.29766 3.65477 2.42529 2.29531 2.28803 3.18178 2.21564 7.34138 3.84633 4.36384 2.14348
threshold=1.0000000180025095e-35 0.44102959334850317 0.69615384936332714 0.59411767125129711 0.93412142992019664 0.92432236671447765 0.82735103368759166 0.67500001192092907 0.86489865183830272 0.48108302056789404 0.76782143115997326 0.73508772253990184 0.22822003811597827 0.24768495559692386 0.57518798112869274 0.55102959275245678 0.2297557815909386 0.23303167521953586 0.52786380052566539 0.70073306560516369 0.91344627737998974 0.83339485526084911 0.37500001490116125 0.93412142992019664 0.73775246739387523 0.89736840128898632 0.81745669245719921 1.0000000180025095e-35 0.71008405089378368 0.76696833968162548
decision_type=2 2 2 2 2 2 2 2 2 2 2 2 2 2 2 2 2 2 2 2 2 2 2 2 2 2 2 2 2 2
left_child=1 12 -3 4 5 8 25 -7 10 -10 14 19 -1 16 18 -16 17 -14 -2 -8 21 22 -21 -22 -25 26 -5 28 -28 -13
right_child=3 2 -4 6 -6 7 11 -9 9 -11 -12 29 13 -15 15 -17 -18 -19 -20 20 23 -23 -24 24 -26 -27 27 -29 -30 -31
leaf_value=-0.019027611453787764 -0.0034013934540266795 -0.0034308648394756839 0.0021121754120431964 0.0041733671857096021 -0.010760944008449016 -0.037055155730867782 0.011345269301183233 0.051142968058447737 -0.035405010896209919 -0.0023390051318556821 0.0077296358879813693 -0.0013144053694117768 -0.035176673319642082 -0.010099620336044689 0.0087232527907623748 -0.040826633983788177 0.087760274279677669 0.11734177787660301 0.028472225467819759 0.12312739548565843 0.084865217544026317 -0.0030625903151663162 0.023408442563882258 0.028168462589492755 0.12117870554285315 0.0063178614751280464 0.047748763193675256 -0.0079516427461576202 -0.055367819634026018 0.0077770296975130538
leaf_weight=111.31783999502659 46.282925322651863 4354.1232627928257 465.49925009906292 1159.9640178084373 55.547391086816788 1.1697633415460558 153.8435280919075 10.724180430173874 11.89594656229019 50.873626187443733 192.15286931395531 73.241217389702797 1.9873813092708581 196.50593081116676 10.163439884781839 13.551616132259367 1.6734869033098219 0.83031043410301197 6.7943263798952094 0.72353175282478632 2.3879305869340923 12.618188574910162 2.8506802618503571 17.968360230326656 0.96908342838287254 1106.0494482815266 1.1730477958917607 59.307806596159935 8.1854770481586439 564.73066328465939
leaf_count=864 213 23693 2415 5056 239 5 649 46 52 219 824 310 14 1355 50 63 11 5 31 3 10 53 12 75 4 4626 5 254 35 2358
internal_value=5.5758e-05 -0.00348476 -0.00289549 0.00515507 0.00106198 0.00297326 0.00567143 0.0424687 0.00155711 -0.0086056 0.003929 0.00842177 -0.0125782 -0.00900634 -0.0055811 -0.0195913 0.0388286 0.00976709 0.000678693 0.0140509 0.0251454 0.00723625 0.0435947 0.0387438 0.0329281 0.00469445 0.003233 -0.0126524 -0.0424426 0.0067333
internal_weight=8695.11 5131.94 4819.62 3563.17 399.156 343.609 3164.01 11.8939 331.715 62.7696 268.945 829.333 312.315 200.997 76.7923 23.7151 4.49118 2.81769 53.0773 191.361 37.5178 16.1924 3.57421 21.3254 18.9374 2334.68 1228.63 68.6663 9.35852 637.972
internal_count=43549 28357 26108 15192 1742 1503 13450 51 1452 271 1181 3474 2249 1385 357 113 30 19 244 806 157 68 15 89 79 9976 5350 294 40 2668
is_linear=0
shrinkage=0.05


Tree=32
num_leaves=31
num_cat=0
split_feature=0 6 6 6 4 4 4 4 3 4 4 6 6 3 4 4 6 4 4 6 4 1 6 4 4 4 4 6 6 4
split_gain=54.2166 12.597 5.1023 1.88136 1.80321 3.39386 1.80752 3.94529 3.82351 3.03653 2.60382 2.32626 1.76211 4.74524 4.76128 3.81055 1.66928 1.64664 4.88518 2.41825 4.17842 1.79592 1.62054 2.4432 1.78864 2.31952 1.61175 3.27674 2.62064 2.33184
threshold=1.0000000180025095e-35 0.57852959632873546 0.7205772101879121 0.88441807031631481 0.61324787139892589 0.77350428700447094 0.09123005717992784 0.080128207802772536 0.81666666269302379 0.087121214717626586 0.10263158008456232 0.55102959275245678 0.90246430039405834 1.0000000180025095e-35 0.44949495792388922 0.49848246574401861 0.87731194496154796 0.80625000596046459 0.81534090638160717 0.68852961063385021 0.57518798112869274 0.67500001192092907 0.93412142992019664 0.88562092185020458 0.41421568393707281 0.36171352863311773 0.88562092185020458 0.78982144594192516 0.79625236988067638 0.7947368621826173
decision_type=2 2 2 2 2 2 2 2 2 2 2 2 2 2 2 2 2 2 2 2 2 2 2 2 2 2 2 2 2 2
left_child=1 4 17 16 6 -6 7 8 -1 11 -8 -9 13 -5 -15 -16 26 19 21 -2 -21 -19 23 -14 25 -24 29 -28 -29 -3
right_child=2 3 -4 12 5 -7 10 9 -10 -11 -12 -13 22 14 15 -17 -18 18 -20 20 -22 -23 24 -25 -26 -27 27 28 -30 -31
leaf_value=-0.0099166301847554723 -0.00091850309514677282 -0.0028916243720663588 0.0056778784495347019 0.0095411375101276466 0.003984964413451599 -0.017669707050984192 -0.032030398939129061 0.069343085440490809 0.1245778822068465 0.0043998490550964057 -0.012404117159176341 0.21522944575192102 -0.006653062541245907 0.017399159741839216 -0.039067138837664252 -0.0063418481119296259 -0.012542082778167266 0.039504462763754113 0.0025235645900007443 0.023011593480029322 -0.043356593203656729 0.1255985203803793 -0.0046067792080997138 0.038138581500143848 0.00076241137207312573 -0.033854115732038781 0.014862205676718305 -0.049181262104576483 -0.0022582956992732036 -0.011877097254081396
leaf_weight=23.031326532363899 282.97477598488331 3567.4300222396851 2779.949168458581 120.38513277471066 48.47038422524929 28.871429726481438 17.742477923631668 1.1682553142309178 0.54084593057632346 1.5697538554668427 355.71975541859865 0.35668435692787182 168.45567260682583 13.625468179583548 13.018313467502592 28.086600497364998 45.784269794821739 1.6465102136135095 494.54172459244728 3.3307298421859732 8.2351519316434842 0.95827013254165638 59.475793585181236 3.1004582941532126 490.07595336437225 7.6510654240846625 36.046012416481972 3.4015044569969204 23.765230119228363 73.694909006357193
leaf_count=174 1299 19525 11704 600 301 183 129 9 4 12 2442 2 885 72 71 149 241 7 2144 14 43 4 316 14 2521 41 179 20 124 392
internal_value=-6.09002e-05 -0.0033533 0.00466937 -0.0025598 -0.0110876 -0.00409865 -0.0124385 0.000137638 -0.00683075 0.0532156 -0.0133365 0.103466 -0.000512126 0.0039915 -0.0082155 -0.0167063 -0.00305334 0.00112809 0.00288327 -0.00183444 -0.024244 0.0711775 -0.00159432 -0.00584356 -0.000286022 -0.00794037 -0.00293607 0.00497944 -0.00813345 -0.00307349
internal_weight=8703.1 5131.47 3571.64 4654 477.471 77.3418 400.129 26.6669 23.5722 3.09469 373.462 1.52494 903.874 175.116 54.7304 41.1049 3750.12 791.687 497.147 294.541 11.5659 2.60478 728.759 171.556 557.203 67.1269 3704.34 63.2127 27.1667 3641.12
internal_count=43621 28406 15215 25150 3256 484 2772 201 178 23 2571 11 4669 892 292 220 20481 3511 2155 1356 57 11 3777 899 2878 357 20240 323 144 19917
is_linear=0
shrinkage=0.05


Tree=33
num_leaves=31
num_cat=0
split_feature=7 6 6 4 4 4 4 6 6 6 6 6 3 1 4 4 6 4 6 4 4 1 3 6 4 4 6 6 4 4
split_gain=51.61 10.5775 3.84694 2.78134 2.18922 3.40903 2.09998 4.14583 6.0888 5.58647 2.65788 2.67186 2.2957 2.24882 2.13911 3.62848 2.05805 1.93447 1.88816 1.83338 3.4349 1.82692 2.78434 2.6705 3.2918 2.02837 1.5634 3.41261 5.62576 2.12661
threshold=1.0000000180025095e-35 0.30352959036827093 0.74486902356147777 0.46410256624221807 0.43558360636234289 0.39444445073604589 0.64495798945426952 0.93412142992019664 0.94335538148880016 0.92432236671447765 0.91344627737998974 0.90246430039405834 0.77500000596046459 0.37500001490116125 0.49350467324256903 0.51969170570373546 0.95867609977722179 0.93933823704719555 0.82507720589637767 0.63961037993431102 0.62828946113586437 0.37500001490116125 0.70833334326744091 0.94508537650108349 0.62828946113586437 0.57518798112869274 0.87413260340690624 0.84753814339637767 0.58578431606292736 0.63961037993431102
decision_type=2 2 2 2 2 2 2 2 2 2 2 2 2 2 2 2 2 2 2 2 2 2 2 2 2 2 2 2 2 2
left_child=2 3 17 4 5 -2 7 9 -9 10 11 26 -13 -12 16 -16 -10 -1 -3 20 -15 22 25 -23 -25 -17 27 29 -29 -4
right_child=1 18 6 -5 -6 -7 -8 8 14 -11 13 12 -14 19 15 21 -18 -19 -20 -21 -22 23 -24 24 -26 -27 -28 28 -30 -31
leaf_value=-8.4031723370333149e-06 -0.017127243690059177 -0.0034626136366057813 0.0050851555165766123 -0.0055879461771662677 -0.036272552796071243 0.0057071412078994023 0.0060454972553302191 -0.046369028493938959 -0.0059762821265905881 0.03481744420738557 -0.050849445760770266 0.057469629029395855 -0.029025101150131988 -0.0078449680657930159 -0.046948254957549333 0.011031510541773235 0.061987916358232364 0.0054452445167935196 -0.0013457476189389285 -0.038525412281625981 0.069259866460061811 0.029068895066207676 0.04613457804576581 -0.012503320032660997 0.014626502310261184 -0.052976976443043111 -0.0038925588440172779 -0.0001071395993962982 0.05063880141148619 -0.0099907113594220609
leaf_weight=591.48523347079754 158.6473850235343 3259.1082561910152 271.40601681172848 91.212197795510292 12.692130744457243 18.222734898328781 2262.8498699963093 9.0848334282636625 2.0757130533456793 14.658158138394354 3.4945226162672069 3.9919558167457572 0.94963657855987538 11.178756833076477 4.8319123089313498 1.6428183913230885 2.4037972539663315 224.2511672526598 1556.4790767282248 3.5398042649030677 1.6587363481521613 7.4166660010814658 1.1801158040761945 32.285606443881989 17.104547500610352 5.0189039707183838 55.651363208889961 11.380613178014757 10.501081451773642 25.59795780479908
leaf_count=2668 1229 18061 1158 620 92 130 9477 39 9 62 15 17 4 48 21 7 10 949 8128 15 7 32 5 139 72 21 239 49 44 109
internal_value=-9.75335e-05 -0.00332844 0.00450748 -0.012762 -0.016214 -0.0147746 0.00539909 0.00245632 -0.0077395 0.00450147 0.00338873 0.00432217 0.0408477 -0.0144365 -0.00299447 -0.00515356 0.0304947 0.00149084 -0.00277841 -0.00666688 0.00211777 -0.00202978 -0.0246523 0.00109312 -0.00310786 -0.0371921 0.00384025 0.00518977 0.024246 0.00378581
internal_weight=8672 5096.36 3575.64 280.774 189.562 176.87 2759.9 497.054 83.0449 414.009 399.35 379.479 4.94159 19.8718 73.9601 69.4806 4.47951 815.736 4815.59 16.3773 12.8375 64.6487 7.84184 56.8068 49.3902 6.66172 374.537 318.886 21.8817 297.004
internal_count=43476 28260 15216 2071 1451 1359 11599 2122 355 1767 1705 1620 21 85 316 297 19 3617 26189 70 55 276 33 243 211 28 1599 1360 93 1267
is_linear=0
shrinkage=0.05


Tree=34
num_leaves=31
num_cat=0
split_feature=0 6 4 6 6 6 4 4 4 4 6 4 4 1 0 6 4 1 6 6 6 6 6 6 4 4 6 6 4 0
split_gain=35.8034 12.881 4.30605 3.52643 2.67121 3.08477 2.60532 2.01022 1.97788 3.60311 4.02265 2.67875 2.62071 2.31213 1.9837 1.97663 2.70368 2.68198 4.0687 1.99695 2.86006 2.09925 1.95027 5.94635 4.35319 4.62117 4.28031 3.94567 3.19779 3.06934
threshold=1.0000000180025095e-35 0.44102959334850317 0.88562092185020458 0.55102959275245678 0.78982144594192516 0.79625236988067638 0.89736840128898632 0.054093567654490478 0.56110811233520519 0.67543861269950878 0.44102959334850317 0.68585526943206798 0.65686276555061351 0.67500001192092907 0.73775246739387523 0.95867609977722179 0.89181286096572887 0.67500001192092907 0.79625236988067638 0.8123472034931184 0.76782143115997326 0.67430341243743908 0.86489865183830272 0.82735103368759166 0.52786380052566539 0.58578431606292736 0.88441807031631481 0.82507720589637767 0.65686276555061351 0.73775246739387523
decision_type=2 2 2 2 2 2 2 2 2 2 2 2 2 2 2 2 2 2 2 2 2 2 2 2 2 2 2 2 2 2
left_child=1 -1 7 8 -4 -6 15 -3 -2 10 -10 13 -12 -11 -13 16 22 19 -19 20 21 -18 23 27 -25 -26 -24 -5 -29 -28
right_child=3 2 4 6 5 -7 -8 -9 9 11 12 14 -14 -15 -16 -17 17 18 -20 -21 -22 -23 26 24 25 -27 29 28 -30 -31
leaf_value=-0.012809674649231849 -0.017650808730903876 -0.02267311207337103 0.01854836095476279 0.0034162013772754637 -0.047220848459993026 0.004299873794585924 0.0059692603859303308 -0.0022957946104298671 0.010929968785544614 -0.074074362385046916 0.036737738924595142 -0.0049354422503656145 0.1471747437247273 -0.015300031389643771 0.0053363895697065011 0.0085850024115580945 -0.023659622836513069 0.0011128821813469216 -0.022070906443383675 0.026314975232698747 -0.016919004146554666 0.067142887927821568 -0.010485647378492578 0.057080374630223446 -0.02954115154903347 0.014819417392995485 0.00099871915317073924 0.035575046430632994 -0.018073668561672338 0.01832964806834057
leaf_weight=301.2316370010376 18.308638289570808 12.134211272001265 39.569602370262146 1255.5629491358995 3.1351968944072715 39.63131494820118 1270.0547730624676 4692.7440525591373 23.959198608994488 2.1605966687202436 1.3386619687080377 141.56747199594975 0.89724780619144429 7.4193339049816132 70.364537075161934 151.26838406920433 0.92032191157341303 39.749933138489723 36.122002065181732 10.044470995664595 9.5724746286869031 2.0640858262777328 78.556983888149261 5.7303794622421256 6.2049946933984748 109.0059867054224 273.67522829771042 3.0374221354722968 32.472707241773605 28.17739050090313
leaf_count=2224 91 89 196 5399 19 201 5240 25539 117 10 6 680 4 37 294 634 4 173 158 42 41 9 336 24 27 455 1163 13 139 117
internal_value=-8.6088e-05 -0.00278102 -0.00214997 0.00374625 0.00918569 0.000522909 0.00419108 -0.00234835 -0.00179246 -0.000620335 0.0169156 -0.00269406 0.081055 -0.0285556 -0.00152504 0.00308521 0.00264523 -0.00542107 -0.00992473 0.00969754 -0.00359504 0.0391415 0.00308838 0.00394444 0.0145458 0.0124303 -8.91526e-05 0.00295135 -0.0134847 0.00261653
internal_weight=8666.68 5088.45 4787.21 3578.24 82.3361 42.7665 3312.22 4704.88 266.016 247.707 26.1951 221.512 2.23591 9.57993 211.932 2042.17 1890.9 98.4733 75.8719 22.6014 12.5569 2.98441 1792.42 1412.01 120.941 115.211 380.41 1291.07 35.5101 301.853
internal_count=43481 28268 26044 15213 416 220 13974 25628 1239 1148 127 1021 10 47 974 8734 8100 427 331 96 54 13 7673 6057 506 482 1616 5551 152 1280
is_linear=0
shrinkage=0.05


Tree=35
num_leaves=31
num_cat=0
split_feature=0 6 6 4 3 6 4 6 4 4 4 3 6 4 4 4 4 4 6 4 4 3 3 4 4 6 6 4 4 6
split_gain=39.5887 8.03185 2.724 2.27846 2.24845 2.13256 3.40946 2.87167 3.63237 2.63178 3.61932 5.01258 3.40252 3.36861 2.12873 4.27899 2.12137 1.88589 1.8276 1.73563 1.69102 3.39379 7.32924 1.49704 1.46442 2.17433 1.58686 1.47324 1.46437 1.39979
threshold=1.0000000180025095e-35 0.55102959275245678 0.30352959036827093 1.0000000180025095e-35 0.77500000596046459 0.76782143115997326 0.69615384936332714 0.68852961063385021 0.72474747896194469 0.10263158008456232 0.15587044507265094 0.77500000596046459 0.80857720971107494 0.060661764815449722 0.56110811233520519 0.62828946113586437 0.095775511115789427 0.20880093425512317 0.2297557815909386 0.074175827205181136 0.16997673362493518 0.81666666269302379 0.70833334326744091 0.16002695262432101 0.7947368621826173 0.6302853822708131 0.57852959632873546 0.88562092185020458 0.16441292315721515 0.86489865183830272
decision_type=2 2 2 2 2 2 2 2 2 2 2 2 2 2 2 2 2 2 2 2 2 2 2 2 2 2 2 2 2 2
left_child=1 4 14 -3 -1 6 -5 24 -9 13 11 12 -11 -7 18 -16 19 28 -2 -15 21 22 23 -12 -8 26 -26 -28 -6 -25
right_child=2 3 -4 5 17 9 7 8 -10 10 20 -13 -14 16 15 -17 -18 -19 -20 -21 -22 -23 -24 29 25 -27 27 -29 -30 -31
leaf_value=-0.012154495400957343 -0.013580102705772069 -0.025736917389775366 0.0042734438956719611 -0.0060243359669495816 -0.010431395216939403 -0.0083373222115458948 0.016326104061213854 0.024168555541939033 -0.045387865000172278 -0.0078413636690787929 -0.0016111991128286965 0.017395149051846349 -0.025395578318767893 0.039983670597422603 0.029492407579363802 -0.0019205771267243729 0.035995453275625741 0.0016258739916106973 -0.069893522018041651 0.0066210970997584917 -0.0019066043838645002 0.066561415810107313 -0.035671832240585323 0.015528654356011333 0.0039028151600228643 -0.0099970678954563116 0.0075009306998893759 0.077206134291118847 -0.058275502430671935 -0.065413960965092624
leaf_weight=284.94512537866831 13.526304975152012 10.433323308825491 3369.6097293496132 634.81892384588718 5.2236509919166556 26.157896280288696 34.475002288818359 2.8491839170455915 5.5006145983934402 141.72671292722225 20.424173340201378 16.709846198558807 34.281450212001801 4.2407536953687659 11.491166517138479 191.55657425522804 8.6818700283765775 54.219426929950714 1.6125410795211799 48.277699962258339 3677.2803601324558 2.2086432278156272 10.256831198930739 46.516651377081871 4.9317657947540301 16.58213447034359 1.2641251981258392 1.8933711051940918 2.3050520792603493 0.54033681750297446
leaf_count=2097 68 79 14217 3745 43 145 172 17 33 789 114 90 195 23 56 896 45 369 8 264 19675 11 58 252 26 87 6 8 19 3
internal_value=-0.000100732 -0.0029331 0.00392287 -0.00239686 -0.0102801 -0.00234549 -0.00488838 0.00579557 -0.0216533 -0.00190313 -0.00209298 -0.00877582 -0.0112604 0.00668092 -0.00149135 -0.000142809 0.0130999 -0.00163024 -0.0195784 0.00931505 -0.0017502 0.00544386 0.00370743 0.0096929 0.00967057 0.000370349 0.0216225 0.0492992 -0.0250798 0.0145992
internal_weight=8684.54 5096.74 3587.8 4750.05 346.693 4739.62 702.315 67.4962 8.3498 4037.3 3949.95 192.718 176.008 87.3582 218.187 203.048 61.2003 61.7481 15.1388 52.5185 3757.23 79.9466 77.738 67.4812 59.1464 24.6714 8.08926 3.1575 7.5287 47.057
internal_count=43610 28365 15245 25837 2528 25758 4094 349 50 21664 21187 1074 984 477 1028 952 332 431 76 287 20113 438 427 369 299 127 40 14 62 255
is_linear=0
shrinkage=0.05


end of trees

feature_importances:
Column_4=487
Column_6=393
Column_3=91
Column_0=59
Column_1=29
Column_2=15
Column_7=6

parameters:
[boosting: gbdt]
[objective: binary]
[metric: binary_logloss]
[tree_learner: serial]
[device_type: cpu]
[data_sample_strategy: bagging]
[data: ]
[valid: ]
[num_iterations: 200]
[learning_rate: 0.05]
[num_leaves: 31]
[num_threads: 0]
[seed: 42]
[deterministic: 0]
[force_col_wise: 0]
[force_row_wise: 0]
[histogram_pool_size: -1]
[max_depth: -1]
[min_data_in_leaf: 3]
[min_sum_hessian_in_leaf: 0.001]
[bagging_fraction: 0.9]
[pos_bagging_fraction: 1]
[neg_bagging_fraction: 1]
[bagging_freq: 1]
[bagging_seed: 42]
[bagging_by_query: 0]
[feature_fraction: 0.9]
[feature_fraction_bynode: 1]
[feature_fraction_seed: 42]
[extra_trees: 0]
[extra_seed: 12879]
[early_stopping_round: 0]
[early_stopping_min_delta: 0]
[first_metric_only: 0]
[max_delta_step: 0]
[lambda_l1: 0]
[lambda_l2: 0]
[linear_lambda: 0]
[min_gain_to_split: 0]
[drop_rate: 0.1]
[max_drop: 50]
[skip_drop: 0.5]
[xgboost_dart_mode: 0]
[uniform_drop: 0]
[drop_seed: 17869]
[top_rate: 0.2]
[other_rate: 0.1]
[min_data_per_group: 100]
[max_cat_threshold: 32]
[cat_l2: 10]
[cat_smooth: 10]
[max_cat_to_onehot: 4]
[top_k: 20]
[monotone_constraints: ]
[monotone_constraints_method: basic]
[monotone_penalty: 0]
[feature_contri: ]
[forcedsplits_filename: ]
[refit_decay_rate: 0.9]
[cegb_tradeoff: 1]
[cegb_penalty_split: 0]
[cegb_penalty_feature_lazy: ]
[cegb_penalty_feature_coupled: ]
[path_smooth: 0]
[interaction_constraints: ]
[verbosity: -1]
[saved_feature_importance_type: 0]
[use_quantized_grad: 0]
[num_grad_quant_bins: 4]
[quant_train_renew_leaf: 0]
[stochastic_rounding: 1]
[linear_tree: 0]
[max_bin: 255]
[max_bin_by_feature: ]
[min_data_in_bin: 3]
[bin_construct_sample_cnt: 200000]
[data_random_seed: 42]
[is_enable_sparse: 1]
[enable_bundle: 1]
[use_missing: 1]
[zero_as_missing: 0]
[feature_pre_filter: 1]
[pre_partition: 0]
[two_round: 0]
[header: 0]
[label_column: ]
[weight_column: ]
[group_column: ]
[ignore_column: ]
[categorical_feature: ]
[forcedbins_filename: ]
[precise_float_parser: 0]
[parser_config_file: ]
[objective_seed: 16083]
[num_class: 1]
[is_unbalance: 0]
[scale_pos_weight: 1]
[sigmoid: 1]
[boost_from_average: 1]
[reg_sqrt: 0]
[alpha: 0.9]
[fair_c: 1]
[poisson_max_delta_step: 0.7]
[tweedie_variance_power: 1.5]
[lambdarank_truncation_level: 30]
[lambdarank_norm: 1]
[label_gain: ]
[lambdarank_position_bias_regularization: 0]
[eval_at: ]
[multi_error_top_k: 1]
[auc_mu_weights: ]
[num_machines: 1]
[local_listen_port: 12400]
[time_out: 120]
[machine_list_filename: ]
[machines: ]
[gpu_platform_id: -1]
[gpu_device_id: -1]
[gpu_device_id_list: ]
[gpu_use_dp: 0]
[num_gpu: 1]

end of parameters

pandas_categorical:null
